2026-06-17 15:55:41,468 - utils - create_category_from_json - DEBUG - Делай ноль - green = {'name': 'Samsung Galaxy C23 Ultra', 'description': '256GB, Серый цвет, 200MP камера', 'price': 180000.0, 'quantity': 5}
2026-06-17 15:55:41,468 - utils - create_category_from_json - DEBUG - Делай один - products = [<src.product.Product object at 0x000001EB12F91BF0>]
2026-06-17 15:55:41,468 - utils - create_category_from_json - DEBUG - Делай два - red = {'name': 'Смартфоны', 'description': 'Смартфоны, как средство не только коммуникации, но и получение дополнительных функций для удобства жизни', 'products': [<src.product.Product object at 0x000001EB12F91BF0>]}
2026-06-17 15:55:41,469 - utils - create_category_from_json - DEBUG - Делай ноль - green = {'name': 'Iphone 15', 'description': '512GB, Gray space', 'price': 210000.0, 'quantity': 8}
2026-06-17 15:55:41,469 - utils - create_category_from_json - DEBUG - Делай один - products = [<src.product.Product object at 0x000001EB12F91BF0>, <src.product.Product object at 0x000001EB12F91D00>]
2026-06-17 15:55:41,469 - utils - create_category_from_json - DEBUG - Делай два - red = {'name': 'Смартфоны', 'description': 'Смартфоны, как средство не только коммуникации, но и получение дополнительных функций для удобства жизни', 'products': [<src.product.Product object at 0x000001EB12F91BF0>, <src.product.Product object at 0x000001EB12F91D00>]}
2026-06-17 15:55:41,469 - utils - create_category_from_json - DEBUG - Делай ноль - green = {'name': 'Xiaomi Redmi Note 11', 'description': '1024GB, Синий', 'price': 31000.0, 'quantity': 14}
2026-06-17 15:55:41,469 - utils - create_category_from_json - DEBUG - Делай один - products = [<src.product.Product object at 0x000001EB12F91BF0>, <src.product.Product object at 0x000001EB12F91D00>, <src.product.Product object at 0x000001EB12FECA50>]
2026-06-17 15:55:41,469 - utils - create_category_from_json - DEBUG - Делай два - red = {'name': 'Смартфоны', 'description': 'Смартфоны, как средство не только коммуникации, но и получение дополнительных функций для удобства жизни', 'products': [<src.product.Product object at 0x000001EB12F91BF0>, <src.product.Product object at 0x000001EB12F91D00>, <src.product.Product object at 0x000001EB12FECA50>]}
2026-06-17 15:55:41,469 - utils - create_category_from_json - DEBUG - Делай три - fin = [<src.category.Category object at 0x000001EB12F92140>]
2026-06-17 15:55:41,469 - utils - create_category_from_json - DEBUG - Делай ноль - green = {'name': '55" QLED 4K', 'description': 'Фоновая подсветка', 'price': 123000.0, 'quantity': 7}
2026-06-17 15:55:41,469 - utils - create_category_from_json - DEBUG - Делай один - products = [<src.product.Product object at 0x000001EB12FECF50>]
2026-06-17 15:55:41,469 - utils - create_category_from_json - DEBUG - Делай два - red = {'name': 'Телевизоры', 'description': 'Современный телевизор, который позволяет наслаждаться просмотром, станет вашим другом и помощником', 'products': [<src.product.Product object at 0x000001EB12FECF50>]}
2026-06-17 15:55:41,469 - utils - create_category_from_json - DEBUG - Делай три - fin = [<src.category.Category object at 0x000001EB12F92140>, <src.category.Category object at 0x000001EB12F92690>]
2026-06-17 15:55:41,469 - utils - create_category_from_json - DEBUG - Делай четыре - fin = [<src.category.Category object at 0x000001EB12F92140>, <src.category.Category object at 0x000001EB12F92690>]
2026-06-17 16:00:21,547 - utils - create_category_from_json - DEBUG - Делай ноль - green = {'name': 'Samsung Galaxy C23 Ultra', 'description': '256GB, Серый цвет, 200MP камера', 'price': 180000.0, 'quantity': 5}
2026-06-17 16:00:21,547 - utils - create_category_from_json - DEBUG - Делай один - products = [<src.product.Product object at 0x000002232F061F20>]
2026-06-17 16:00:21,547 - utils - create_category_from_json - DEBUG - Делай два - red = {'name': 'Смартфоны', 'description': 'Смартфоны, как средство не только коммуникации, но и получение дополнительных функций для удобства жизни', 'products': [<src.product.Product object at 0x000002232F061F20>]}
2026-06-17 16:00:21,547 - utils - create_category_from_json - DEBUG - Делай ноль - green = {'name': 'Iphone 15', 'description': '512GB, Gray space', 'price': 210000.0, 'quantity': 8}
2026-06-17 16:00:21,547 - utils - create_category_from_json - DEBUG - Делай один - products = [<src.product.Product object at 0x000002232F061F20>, <src.product.Product object at 0x000002232F0C0150>]
2026-06-17 16:00:21,547 - utils - create_category_from_json - DEBUG - Делай два - red = {'name': 'Смартфоны', 'description': 'Смартфоны, как средство не только коммуникации, но и получение дополнительных функций для удобства жизни', 'products': [<src.product.Product object at 0x000002232F061F20>, <src.product.Product object at 0x000002232F0C0150>]}
2026-06-17 16:00:21,547 - utils - create_category_from_json - DEBUG - Делай ноль - green = {'name': 'Xiaomi Redmi Note 11', 'description': '1024GB, Синий', 'price': 31000.0, 'quantity': 14}
2026-06-17 16:00:21,547 - utils - create_category_from_json - DEBUG - Делай один - products = [<src.product.Product object at 0x000002232F061F20>, <src.product.Product object at 0x000002232F0C0150>, <src.product.Product object at 0x000002232F0C1550>]
2026-06-17 16:00:21,547 - utils - create_category_from_json - DEBUG - Делай два - red = {'name': 'Смартфоны', 'description': 'Смартфоны, как средство не только коммуникации, но и получение дополнительных функций для удобства жизни', 'products': [<src.product.Product object at 0x000002232F061F20>, <src.product.Product object at 0x000002232F0C0150>, <src.product.Product object at 0x000002232F0C1550>]}
2026-06-17 16:00:21,547 - utils - create_category_from_json - DEBUG - Делай три - fin = [<src.category.Category object at 0x000002232F062690>]
2026-06-17 16:00:21,547 - utils - create_category_from_json - DEBUG - Делай ноль - green = {'name': '55" QLED 4K', 'description': 'Фоновая подсветка', 'price': 123000.0, 'quantity': 7}
2026-06-17 16:00:21,547 - utils - create_category_from_json - DEBUG - Делай один - products = [<src.product.Product object at 0x000002232F0BEF30>]
2026-06-17 16:00:21,547 - utils - create_category_from_json - DEBUG - Делай два - red = {'name': 'Телевизоры', 'description': 'Современный телевизор, который позволяет наслаждаться просмотром, станет вашим другом и помощником', 'products': [<src.product.Product object at 0x000002232F0BEF30>]}
2026-06-17 16:00:21,547 - utils - create_category_from_json - DEBUG - Делай три - fin = [<src.category.Category object at 0x000002232F062690>, <src.category.Category object at 0x000002232F0C1750>]
2026-06-17 16:00:21,547 - utils - create_category_from_json - DEBUG - Делай четыре - fin = [<src.category.Category object at 0x000002232F062690>, <src.category.Category object at 0x000002232F0C1750>]
2026-06-17 16:13:05,016 - utils - create_category_from_json - DEBUG - Делай ноль - green = {'name': 'Samsung Galaxy C23 Ultra', 'description': '256GB, Серый цвет, 200MP камера', 'price': 180000.0, 'quantity': 5}
2026-06-17 16:13:05,016 - utils - create_category_from_json - DEBUG - Делай один - products = [<src.product.Product object at 0x000002103C1B1D00>]
2026-06-17 16:13:05,017 - utils - create_category_from_json - DEBUG - Делай два - red = {'name': 'Смартфоны', 'description': 'Смартфоны, как средство не только коммуникации, но и получение дополнительных функций для удобства жизни', 'products': [<src.product.Product object at 0x000002103C1B1D00>]}
2026-06-17 16:13:05,017 - utils - create_category_from_json - DEBUG - Делай ноль - green = {'name': 'Iphone 15', 'description': '512GB, Gray space', 'price': 210000.0, 'quantity': 8}
2026-06-17 16:13:05,017 - utils - create_category_from_json - DEBUG - Делай один - products = [<src.product.Product object at 0x000002103C1B1D00>, <src.product.Product object at 0x000002103C208150>]
2026-06-17 16:13:05,017 - utils - create_category_from_json - DEBUG - Делай два - red = {'name': 'Смартфоны', 'description': 'Смартфоны, как средство не только коммуникации, но и получение дополнительных функций для удобства жизни', 'products': [<src.product.Product object at 0x000002103C1B1D00>, <src.product.Product object at 0x000002103C208150>]}
2026-06-17 16:13:05,017 - utils - create_category_from_json - DEBUG - Делай ноль - green = {'name': 'Xiaomi Redmi Note 11', 'description': '1024GB, Синий', 'price': 31000.0, 'quantity': 14}
2026-06-17 16:13:05,017 - utils - create_category_from_json - DEBUG - Делай один - products = [<src.product.Product object at 0x000002103C1B1D00>, <src.product.Product object at 0x000002103C208150>, <src.product.Product object at 0x000002103C208E50>]
2026-06-17 16:13:05,017 - utils - create_category_from_json - DEBUG - Делай два - red = {'name': 'Смартфоны', 'description': 'Смартфоны, как средство не только коммуникации, но и получение дополнительных функций для удобства жизни', 'products': [<src.product.Product object at 0x000002103C1B1D00>, <src.product.Product object at 0x000002103C208150>, <src.product.Product object at 0x000002103C208E50>]}
2026-06-17 16:13:05,017 - utils - create_category_from_json - DEBUG - Делай три - fin = [<src.category.Category object at 0x000002103C1B2690>]
2026-06-17 16:13:05,017 - utils - create_category_from_json - DEBUG - Делай ноль - green = {'name': '55" QLED 4K', 'description': 'Фоновая подсветка', 'price': 123000.0, 'quantity': 7}
2026-06-17 16:13:05,017 - utils - create_category_from_json - DEBUG - Делай один - products = [<src.product.Product object at 0x000002103C20E3F0>]
2026-06-17 16:13:05,017 - utils - create_category_from_json - DEBUG - Делай два - red = {'name': 'Телевизоры', 'description': 'Современный телевизор, который позволяет наслаждаться просмотром, станет вашим другом и помощником', 'products': [<src.product.Product object at 0x000002103C20E3F0>]}
2026-06-17 16:13:05,017 - utils - create_category_from_json - DEBUG - Делай три - fin = [<src.category.Category object at 0x000002103C1B2690>, <src.category.Category object at 0x000002103C209150>]
2026-06-17 16:13:05,017 - utils - create_category_from_json - DEBUG - Делай четыре - fin = [<src.category.Category object at 0x000002103C1B2690>, <src.category.Category object at 0x000002103C209150>]
2026-06-17 16:13:55,115 - utils - create_category_from_json - DEBUG - Делай ноль - green = {'name': 'Samsung Galaxy C23 Ultra', 'description': '256GB, Серый цвет, 200MP камера', 'price': 180000.0, 'quantity': 5}
2026-06-17 16:13:55,115 - utils - create_category_from_json - DEBUG - Делай один - products = [<src.product.Product object at 0x0000016ABB581D00>]
2026-06-17 16:13:55,115 - utils - create_category_from_json - DEBUG - Делай два - red = {'name': 'Смартфоны', 'description': 'Смартфоны, как средство не только коммуникации, но и получение дополнительных функций для удобства жизни', 'products': [<src.product.Product object at 0x0000016ABB581D00>]}
2026-06-17 16:13:55,115 - utils - create_category_from_json - DEBUG - Делай ноль - green = {'name': 'Iphone 15', 'description': '512GB, Gray space', 'price': 210000.0, 'quantity': 8}
2026-06-17 16:13:55,115 - utils - create_category_from_json - DEBUG - Делай один - products = [<src.product.Product object at 0x0000016ABB581D00>, <src.product.Product object at 0x0000016ABB5F4150>]
2026-06-17 16:13:55,115 - utils - create_category_from_json - DEBUG - Делай два - red = {'name': 'Смартфоны', 'description': 'Смартфоны, как средство не только коммуникации, но и получение дополнительных функций для удобства жизни', 'products': [<src.product.Product object at 0x0000016ABB581D00>, <src.product.Product object at 0x0000016ABB5F4150>]}
2026-06-17 16:13:55,115 - utils - create_category_from_json - DEBUG - Делай ноль - green = {'name': 'Xiaomi Redmi Note 11', 'description': '1024GB, Синий', 'price': 31000.0, 'quantity': 14}
2026-06-17 16:13:55,115 - utils - create_category_from_json - DEBUG - Делай один - products = [<src.product.Product object at 0x0000016ABB581D00>, <src.product.Product object at 0x0000016ABB5F4150>, <src.product.Product object at 0x0000016ABB5F4E50>]
2026-06-17 16:13:55,116 - utils - create_category_from_json - DEBUG - Делай два - red = {'name': 'Смартфоны', 'description': 'Смартфоны, как средство не только коммуникации, но и получение дополнительных функций для удобства жизни', 'products': [<src.product.Product object at 0x0000016ABB581D00>, <src.product.Product object at 0x0000016ABB5F4150>, <src.product.Product object at 0x0000016ABB5F4E50>]}
2026-06-17 16:13:55,116 - utils - create_category_from_json - DEBUG - Делай три - fin = [<src.category.Category object at 0x0000016ABB582690>]
2026-06-17 16:13:55,116 - utils - create_category_from_json - DEBUG - Делай ноль - green = {'name': '55" QLED 4K', 'description': 'Фоновая подсветка', 'price': 123000.0, 'quantity': 7}
2026-06-17 16:13:55,116 - utils - create_category_from_json - DEBUG - Делай один - products = [<src.product.Product object at 0x0000016ABB6123F0>]
2026-06-17 16:13:55,116 - utils - create_category_from_json - DEBUG - Делай два - red = {'name': 'Телевизоры', 'description': 'Современный телевизор, который позволяет наслаждаться просмотром, станет вашим другом и помощником', 'products': [<src.product.Product object at 0x0000016ABB6123F0>]}
2026-06-17 16:13:55,116 - utils - create_category_from_json - DEBUG - Делай три - fin = [<src.category.Category object at 0x0000016ABB582690>, <src.category.Category object at 0x0000016ABB5F5150>]
2026-06-17 16:13:55,116 - utils - create_category_from_json - DEBUG - Делай четыре - fin = [<src.category.Category object at 0x0000016ABB582690>, <src.category.Category object at 0x0000016ABB5F5150>]
2026-06-17 16:14:14,974 - utils - create_category_from_json - DEBUG - Делай ноль - green = {'name': 'Samsung Galaxy C23 Ultra', 'description': '256GB, Серый цвет, 200MP камера', 'price': 180000.0, 'quantity': 5}
2026-06-17 16:14:14,974 - utils - create_category_from_json - DEBUG - Делай один - products = [<src.product.Product object at 0x000001A572C91480>]
2026-06-17 16:14:14,974 - utils - create_category_from_json - DEBUG - Делай два - red = {'name': 'Смартфоны', 'description': 'Смартфоны, как средство не только коммуникации, но и получение дополнительных функций для удобства жизни', 'products': [<src.product.Product object at 0x000001A572C91480>]}
2026-06-17 16:14:14,974 - utils - create_category_from_json - DEBUG - Делай ноль - green = {'name': 'Iphone 15', 'description': '512GB, Gray space', 'price': 210000.0, 'quantity': 8}
2026-06-17 16:14:14,974 - utils - create_category_from_json - DEBUG - Делай один - products = [<src.product.Product object at 0x000001A572C91480>, <src.product.Product object at 0x000001A572D04550>]
2026-06-17 16:14:14,974 - utils - create_category_from_json - DEBUG - Делай два - red = {'name': 'Смартфоны', 'description': 'Смартфоны, как средство не только коммуникации, но и получение дополнительных функций для удобства жизни', 'products': [<src.product.Product object at 0x000001A572C91480>, <src.product.Product object at 0x000001A572D04550>]}
2026-06-17 16:14:14,974 - utils - create_category_from_json - DEBUG - Делай ноль - green = {'name': 'Xiaomi Redmi Note 11', 'description': '1024GB, Синий', 'price': 31000.0, 'quantity': 14}
2026-06-17 16:14:14,974 - utils - create_category_from_json - DEBUG - Делай один - products = [<src.product.Product object at 0x000001A572C91480>, <src.product.Product object at 0x000001A572D04550>, <src.product.Product object at 0x000001A572D04150>]
2026-06-17 16:14:14,974 - utils - create_category_from_json - DEBUG - Делай два - red = {'name': 'Смартфоны', 'description': 'Смартфоны, как средство не только коммуникации, но и получение дополнительных функций для удобства жизни', 'products': [<src.product.Product object at 0x000001A572C91480>, <src.product.Product object at 0x000001A572D04550>, <src.product.Product object at 0x000001A572D04150>]}
2026-06-17 16:14:14,974 - utils - create_category_from_json - DEBUG - Делай три - fin = [<src.category.Category object at 0x000001A572C92580>]
2026-06-17 16:14:14,974 - utils - create_category_from_json - DEBUG - Делай ноль - green = {'name': '55" QLED 4K', 'description': 'Фоновая подсветка', 'price': 123000.0, 'quantity': 7}
2026-06-17 16:14:14,974 - utils - create_category_from_json - DEBUG - Делай один - products = [<src.product.Product object at 0x000001A572D215E0>]
2026-06-17 16:14:14,974 - utils - create_category_from_json - DEBUG - Делай два - red = {'name': 'Телевизоры', 'description': 'Современный телевизор, который позволяет наслаждаться просмотром, станет вашим другом и помощником', 'products': [<src.product.Product object at 0x000001A572D215E0>]}
2026-06-17 16:14:14,974 - utils - create_category_from_json - DEBUG - Делай три - fin = [<src.category.Category object at 0x000001A572C92580>, <src.category.Category object at 0x000001A572D04B50>]
2026-06-17 16:14:14,974 - utils - create_category_from_json - DEBUG - Делай четыре - fin = [<src.category.Category object at 0x000001A572C92580>, <src.category.Category object at 0x000001A572D04B50>]
2026-06-17 16:14:37,731 - utils - create_category_from_json - DEBUG - Делай ноль - green = {'name': 'Samsung Galaxy C23 Ultra', 'description': '256GB, Серый цвет, 200MP камера', 'price': 180000.0, 'quantity': 5}
2026-06-17 16:14:37,731 - utils - create_category_from_json - DEBUG - Делай один - products = [<src.product.Product object at 0x000002AE35421480>]
2026-06-17 16:14:37,732 - utils - create_category_from_json - DEBUG - Делай два - red = {'name': 'Смартфоны', 'description': 'Смартфоны, как средство не только коммуникации, но и получение дополнительных функций для удобства жизни', 'products': [<src.product.Product object at 0x000002AE35421480>]}
2026-06-17 16:14:37,732 - utils - create_category_from_json - DEBUG - Делай ноль - green = {'name': 'Iphone 15', 'description': '512GB, Gray space', 'price': 210000.0, 'quantity': 8}
2026-06-17 16:14:37,732 - utils - create_category_from_json - DEBUG - Делай один - products = [<src.product.Product object at 0x000002AE35421480>, <src.product.Product object at 0x000002AE35494550>]
2026-06-17 16:14:37,732 - utils - create_category_from_json - DEBUG - Делай два - red = {'name': 'Смартфоны', 'description': 'Смартфоны, как средство не только коммуникации, но и получение дополнительных функций для удобства жизни', 'products': [<src.product.Product object at 0x000002AE35421480>, <src.product.Product object at 0x000002AE35494550>]}
2026-06-17 16:14:37,732 - utils - create_category_from_json - DEBUG - Делай ноль - green = {'name': 'Xiaomi Redmi Note 11', 'description': '1024GB, Синий', 'price': 31000.0, 'quantity': 14}
2026-06-17 16:14:37,732 - utils - create_category_from_json - DEBUG - Делай один - products = [<src.product.Product object at 0x000002AE35421480>, <src.product.Product object at 0x000002AE35494550>, <src.product.Product object at 0x000002AE35494150>]
2026-06-17 16:14:37,732 - utils - create_category_from_json - DEBUG - Делай два - red = {'name': 'Смартфоны', 'description': 'Смартфоны, как средство не только коммуникации, но и получение дополнительных функций для удобства жизни', 'products': [<src.product.Product object at 0x000002AE35421480>, <src.product.Product object at 0x000002AE35494550>, <src.product.Product object at 0x000002AE35494150>]}
2026-06-17 16:14:37,732 - utils - create_category_from_json - DEBUG - Делай три - fin = [<src.category.Category object at 0x000002AE35422580>]
2026-06-17 16:14:37,732 - utils - create_category_from_json - DEBUG - Делай ноль - green = {'name': '55" QLED 4K', 'description': 'Фоновая подсветка', 'price': 123000.0, 'quantity': 7}
2026-06-17 16:14:37,732 - utils - create_category_from_json - DEBUG - Делай один - products = [<src.product.Product object at 0x000002AE354B15E0>]
2026-06-17 16:14:37,732 - utils - create_category_from_json - DEBUG - Делай два - red = {'name': 'Телевизоры', 'description': 'Современный телевизор, который позволяет наслаждаться просмотром, станет вашим другом и помощником', 'products': [<src.product.Product object at 0x000002AE354B15E0>]}
2026-06-17 16:14:37,732 - utils - create_category_from_json - DEBUG - Делай три - fin = [<src.category.Category object at 0x000002AE35422580>, <src.category.Category object at 0x000002AE35494B50>]
2026-06-17 16:14:37,732 - utils - create_category_from_json - DEBUG - Делай четыре - fin = [<src.category.Category object at 0x000002AE35422580>, <src.category.Category object at 0x000002AE35494B50>]
2026-06-17 16:14:53,549 - utils - create_category_from_json - DEBUG - Делай ноль - green = {'name': 'Samsung Galaxy C23 Ultra', 'description': '256GB, Серый цвет, 200MP камера', 'price': 180000.0, 'quantity': 5}
2026-06-17 16:14:53,549 - utils - create_category_from_json - DEBUG - Делай один - products = [<src.product.Product object at 0x000001EDC6131370>]
2026-06-17 16:14:53,549 - utils - create_category_from_json - DEBUG - Делай два - red = {'name': 'Смартфоны', 'description': 'Смартфоны, как средство не только коммуникации, но и получение дополнительных функций для удобства жизни', 'products': [<src.product.Product object at 0x000001EDC6131370>]}
2026-06-17 16:14:53,550 - utils - create_category_from_json - DEBUG - Делай ноль - green = {'name': 'Iphone 15', 'description': '512GB, Gray space', 'price': 210000.0, 'quantity': 8}
2026-06-17 16:14:53,550 - utils - create_category_from_json - DEBUG - Делай один - products = [<src.product.Product object at 0x000001EDC6131370>, <src.product.Product object at 0x000001EDC61A4250>]
2026-06-17 16:14:53,550 - utils - create_category_from_json - DEBUG - Делай два - red = {'name': 'Смартфоны', 'description': 'Смартфоны, как средство не только коммуникации, но и получение дополнительных функций для удобства жизни', 'products': [<src.product.Product object at 0x000001EDC6131370>, <src.product.Product object at 0x000001EDC61A4250>]}
2026-06-17 16:14:53,550 - utils - create_category_from_json - DEBUG - Делай ноль - green = {'name': 'Xiaomi Redmi Note 11', 'description': '1024GB, Синий', 'price': 31000.0, 'quantity': 14}
2026-06-17 16:14:53,550 - utils - create_category_from_json - DEBUG - Делай один - products = [<src.product.Product object at 0x000001EDC6131370>, <src.product.Product object at 0x000001EDC61A4250>, <src.product.Product object at 0x000001EDC61A4550>]
2026-06-17 16:14:53,550 - utils - create_category_from_json - DEBUG - Делай два - red = {'name': 'Смартфоны', 'description': 'Смартфоны, как средство не только коммуникации, но и получение дополнительных функций для удобства жизни', 'products': [<src.product.Product object at 0x000001EDC6131370>, <src.product.Product object at 0x000001EDC61A4250>, <src.product.Product object at 0x000001EDC61A4550>]}
2026-06-17 16:14:53,550 - utils - create_category_from_json - DEBUG - Делай три - fin = [<src.category.Category object at 0x000001EDC6132360>]
2026-06-17 16:14:53,550 - utils - create_category_from_json - DEBUG - Делай ноль - green = {'name': '55" QLED 4K', 'description': 'Фоновая подсветка', 'price': 123000.0, 'quantity': 7}
2026-06-17 16:14:53,550 - utils - create_category_from_json - DEBUG - Делай один - products = [<src.product.Product object at 0x000001EDC61C4230>]
2026-06-17 16:14:53,550 - utils - create_category_from_json - DEBUG - Делай два - red = {'name': 'Телевизоры', 'description': 'Современный телевизор, который позволяет наслаждаться просмотром, станет вашим другом и помощником', 'products': [<src.product.Product object at 0x000001EDC61C4230>]}
2026-06-17 16:14:53,550 - utils - create_category_from_json - DEBUG - Делай три - fin = [<src.category.Category object at 0x000001EDC6132360>, <src.category.Category object at 0x000001EDC61A4650>]
2026-06-17 16:14:53,550 - utils - create_category_from_json - DEBUG - Делай четыре - fin = [<src.category.Category object at 0x000001EDC6132360>, <src.category.Category object at 0x000001EDC61A4650>]
2026-06-17 16:23:30,994 - utils - create_category_from_json - DEBUG - Делай ноль - green = {'name': 'Samsung Galaxy C23 Ultra', 'description': '256GB, Серый цвет, 200MP камера', 'price': 180000.0, 'quantity': 5}
2026-06-17 16:23:30,994 - utils - create_category_from_json - DEBUG - Делай один - products = [<src.product.Product object at 0x000001C4F6851BF0>]
2026-06-17 16:23:30,994 - utils - create_category_from_json - DEBUG - Делай два - red = {'name': 'Смартфоны', 'description': 'Смартфоны, как средство не только коммуникации, но и получение дополнительных функций для удобства жизни', 'products': [<src.product.Product object at 0x000001C4F6851BF0>]}
2026-06-17 16:23:30,994 - utils - create_category_from_json - DEBUG - Делай ноль - green = {'name': 'Iphone 15', 'description': '512GB, Gray space', 'price': 210000.0, 'quantity': 8}
2026-06-17 16:23:30,994 - utils - create_category_from_json - DEBUG - Делай один - products = [<src.product.Product object at 0x000001C4F6851BF0>, <src.product.Product object at 0x000001C4F68BCA50>]
2026-06-17 16:23:30,994 - utils - create_category_from_json - DEBUG - Делай два - red = {'name': 'Смартфоны', 'description': 'Смартфоны, как средство не только коммуникации, но и получение дополнительных функций для удобства жизни', 'products': [<src.product.Product object at 0x000001C4F6851BF0>, <src.product.Product object at 0x000001C4F68BCA50>]}
2026-06-17 16:23:30,995 - utils - create_category_from_json - DEBUG - Делай ноль - green = {'name': 'Xiaomi Redmi Note 11', 'description': '1024GB, Синий', 'price': 31000.0, 'quantity': 14}
2026-06-17 16:23:30,995 - utils - create_category_from_json - DEBUG - Делай один - products = [<src.product.Product object at 0x000001C4F6851BF0>, <src.product.Product object at 0x000001C4F68BCA50>, <src.product.Product object at 0x000001C4F68BC750>]
2026-06-17 16:23:30,995 - utils - create_category_from_json - DEBUG - Делай два - red = {'name': 'Смартфоны', 'description': 'Смартфоны, как средство не только коммуникации, но и получение дополнительных функций для удобства жизни', 'products': [<src.product.Product object at 0x000001C4F6851BF0>, <src.product.Product object at 0x000001C4F68BCA50>, <src.product.Product object at 0x000001C4F68BC750>]}
2026-06-17 16:23:30,995 - utils - create_category_from_json - DEBUG - Делай три - fin = [<src.category.Category object at 0x000001C4F6852470>]
2026-06-17 16:23:30,995 - utils - create_category_from_json - DEBUG - Делай ноль - green = {'name': '55" QLED 4K', 'description': 'Фоновая подсветка', 'price': 123000.0, 'quantity': 7}
2026-06-17 16:23:30,995 - utils - create_category_from_json - DEBUG - Делай один - products = [<src.product.Product object at 0x000001C4F68B0D70>]
2026-06-17 16:23:30,995 - utils - create_category_from_json - DEBUG - Делай два - red = {'name': 'Телевизоры', 'description': 'Современный телевизор, который позволяет наслаждаться просмотром, станет вашим другом и помощником', 'products': [<src.product.Product object at 0x000001C4F68B0D70>]}
2026-06-17 16:23:30,995 - utils - create_category_from_json - DEBUG - Делай три - fin = [<src.category.Category object at 0x000001C4F6852470>, <src.category.Category object at 0x000001C4F68BCB50>]
2026-06-17 16:23:30,995 - utils - create_category_from_json - DEBUG - Делай четыре - fin = [<src.category.Category object at 0x000001C4F6852470>, <src.category.Category object at 0x000001C4F68BCB50>]
2026-06-17 16:26:23,882 - utils - create_category_from_json - DEBUG - Делай ноль - green = {'name': 'Samsung Galaxy C23 Ultra', 'description': '256GB, Серый цвет, 200MP камера', 'price': 180000.0, 'quantity': 5}
2026-06-17 16:26:23,882 - utils - create_category_from_json - DEBUG - Делай один - products = [<src.product.Product object at 0x000001E903AD1BF0>]
2026-06-17 16:26:23,882 - utils - create_category_from_json - DEBUG - Делай два - red = {'name': 'Смартфоны', 'description': 'Смартфоны, как средство не только коммуникации, но и получение дополнительных функций для удобства жизни', 'products': [<src.product.Product object at 0x000001E903AD1BF0>]}
2026-06-17 16:26:23,882 - utils - create_category_from_json - DEBUG - Делай ноль - green = {'name': 'Iphone 15', 'description': '512GB, Gray space', 'price': 210000.0, 'quantity': 8}
2026-06-17 16:26:23,883 - utils - create_category_from_json - DEBUG - Делай один - products = [<src.product.Product object at 0x000001E903AD1BF0>, <src.product.Product object at 0x000001E903B3CA50>]
2026-06-17 16:26:23,883 - utils - create_category_from_json - DEBUG - Делай два - red = {'name': 'Смартфоны', 'description': 'Смартфоны, как средство не только коммуникации, но и получение дополнительных функций для удобства жизни', 'products': [<src.product.Product object at 0x000001E903AD1BF0>, <src.product.Product object at 0x000001E903B3CA50>]}
2026-06-17 16:26:23,883 - utils - create_category_from_json - DEBUG - Делай ноль - green = {'name': 'Xiaomi Redmi Note 11', 'description': '1024GB, Синий', 'price': 31000.0, 'quantity': 14}
2026-06-17 16:26:23,883 - utils - create_category_from_json - DEBUG - Делай один - products = [<src.product.Product object at 0x000001E903AD1BF0>, <src.product.Product object at 0x000001E903B3CA50>, <src.product.Product object at 0x000001E903B3C850>]
2026-06-17 16:26:23,883 - utils - create_category_from_json - DEBUG - Делай два - red = {'name': 'Смартфоны', 'description': 'Смартфоны, как средство не только коммуникации, но и получение дополнительных функций для удобства жизни', 'products': [<src.product.Product object at 0x000001E903AD1BF0>, <src.product.Product object at 0x000001E903B3CA50>, <src.product.Product object at 0x000001E903B3C850>]}
2026-06-17 16:26:23,883 - utils - create_category_from_json - DEBUG - Делай три - fin = [<src.category.Category object at 0x000001E903AD2470>]
2026-06-17 16:26:23,883 - utils - create_category_from_json - DEBUG - Делай ноль - green = {'name': '55" QLED 4K', 'description': 'Фоновая подсветка', 'price': 123000.0, 'quantity': 7}
2026-06-17 16:26:23,883 - utils - create_category_from_json - DEBUG - Делай один - products = [<src.product.Product object at 0x000001E903B2CD70>]
2026-06-17 16:26:23,883 - utils - create_category_from_json - DEBUG - Делай два - red = {'name': 'Телевизоры', 'description': 'Современный телевизор, который позволяет наслаждаться просмотром, станет вашим другом и помощником', 'products': [<src.product.Product object at 0x000001E903B2CD70>]}
2026-06-17 16:26:23,883 - utils - create_category_from_json - DEBUG - Делай три - fin = [<src.category.Category object at 0x000001E903AD2470>, <src.category.Category object at 0x000001E903B3CB50>]
2026-06-17 16:26:23,883 - utils - create_category_from_json - DEBUG - Делай четыре - fin = [<src.category.Category object at 0x000001E903AD2470>, <src.category.Category object at 0x000001E903B3CB50>]
2026-06-17 16:34:48,110 - utils - create_category_from_json - DEBUG - Делай ноль - green = {'name': 'Samsung Galaxy C23 Ultra', 'description': '256GB, Серый цвет, 200MP камера', 'price': 180000.0, 'quantity': 5}
2026-06-17 16:34:48,110 - utils - create_category_from_json - DEBUG - Делай один - products = [<src.product.Product object at 0x0000017C9D68CB50>]
2026-06-17 16:34:48,110 - utils - create_category_from_json - DEBUG - Делай два - red = {'name': 'Смартфоны', 'description': 'Смартфоны, как средство не только коммуникации, но и получение дополнительных функций для удобства жизни', 'products': [<src.product.Product object at 0x0000017C9D68CB50>]}
2026-06-17 16:34:48,110 - utils - create_category_from_json - DEBUG - Делай ноль - green = {'name': 'Iphone 15', 'description': '512GB, Gray space', 'price': 210000.0, 'quantity': 8}
2026-06-17 16:34:48,110 - utils - create_category_from_json - DEBUG - Делай один - products = [<src.product.Product object at 0x0000017C9D68CB50>, <src.product.Product object at 0x0000017C9D68C950>]
2026-06-17 16:34:48,110 - utils - create_category_from_json - DEBUG - Делай два - red = {'name': 'Смартфоны', 'description': 'Смартфоны, как средство не только коммуникации, но и получение дополнительных функций для удобства жизни', 'products': [<src.product.Product object at 0x0000017C9D68CB50>, <src.product.Product object at 0x0000017C9D68C950>]}
2026-06-17 16:34:48,110 - utils - create_category_from_json - DEBUG - Делай ноль - green = {'name': 'Xiaomi Redmi Note 11', 'description': '1024GB, Синий', 'price': 31000.0, 'quantity': 14}
2026-06-17 16:34:48,110 - utils - create_category_from_json - DEBUG - Делай один - products = [<src.product.Product object at 0x0000017C9D68CB50>, <src.product.Product object at 0x0000017C9D68C950>, <src.product.Product object at 0x0000017C9D67D040>]
2026-06-17 16:34:48,110 - utils - create_category_from_json - DEBUG - Делай два - red = {'name': 'Смартфоны', 'description': 'Смартфоны, как средство не только коммуникации, но и получение дополнительных функций для удобства жизни', 'products': [<src.product.Product object at 0x0000017C9D68CB50>, <src.product.Product object at 0x0000017C9D68C950>, <src.product.Product object at 0x0000017C9D67D040>]}
2026-06-17 16:34:48,110 - utils - create_category_from_json - DEBUG - Делай три - fin = [<src.category.Category object at 0x0000017C9D68CC50>]
2026-06-17 16:34:48,110 - utils - create_category_from_json - DEBUG - Делай ноль - green = {'name': '55" QLED 4K', 'description': 'Фоновая подсветка', 'price': 123000.0, 'quantity': 7}
2026-06-17 16:34:48,110 - utils - create_category_from_json - DEBUG - Делай один - products = [<src.product.Product object at 0x0000017C9D67D130>]
2026-06-17 16:34:48,110 - utils - create_category_from_json - DEBUG - Делай два - red = {'name': 'Телевизоры', 'description': 'Современный телевизор, который позволяет наслаждаться просмотром, станет вашим другом и помощником', 'products': [<src.product.Product object at 0x0000017C9D67D130>]}
2026-06-17 16:34:48,110 - utils - create_category_from_json - DEBUG - Делай три - fin = [<src.category.Category object at 0x0000017C9D68CC50>, <src.category.Category object at 0x0000017C9D68CD50>]
2026-06-17 16:34:48,110 - utils - create_category_from_json - DEBUG - Делай четыре - fin = [<src.category.Category object at 0x0000017C9D68CC50>, <src.category.Category object at 0x0000017C9D68CD50>]
2026-06-17 16:35:54,438 - utils - create_category_from_json - DEBUG - Делай ноль - green = {'name': 'Samsung Galaxy C23 Ultra', 'description': '256GB, Серый цвет, 200MP камера', 'price': 180000.0, 'quantity': 5}
2026-06-17 16:35:54,439 - utils - create_category_from_json - DEBUG - Делай один - products = [<src.product.Product object at 0x0000014AC2F51BF0>]
2026-06-17 16:35:54,439 - utils - create_category_from_json - DEBUG - Делай два - red = {'name': 'Смартфоны', 'description': 'Смартфоны, как средство не только коммуникации, но и получение дополнительных функций для удобства жизни', 'products': [<src.product.Product object at 0x0000014AC2F51BF0>]}
2026-06-17 16:35:54,439 - utils - create_category_from_json - DEBUG - Делай ноль - green = {'name': 'Iphone 15', 'description': '512GB, Gray space', 'price': 210000.0, 'quantity': 8}
2026-06-17 16:35:54,439 - utils - create_category_from_json - DEBUG - Делай один - products = [<src.product.Product object at 0x0000014AC2F51BF0>, <src.product.Product object at 0x0000014AC2FBCA50>]
2026-06-17 16:35:54,439 - utils - create_category_from_json - DEBUG - Делай два - red = {'name': 'Смартфоны', 'description': 'Смартфоны, как средство не только коммуникации, но и получение дополнительных функций для удобства жизни', 'products': [<src.product.Product object at 0x0000014AC2F51BF0>, <src.product.Product object at 0x0000014AC2FBCA50>]}
2026-06-17 16:35:54,439 - utils - create_category_from_json - DEBUG - Делай ноль - green = {'name': 'Xiaomi Redmi Note 11', 'description': '1024GB, Синий', 'price': 31000.0, 'quantity': 14}
2026-06-17 16:35:54,439 - utils - create_category_from_json - DEBUG - Делай один - products = [<src.product.Product object at 0x0000014AC2F51BF0>, <src.product.Product object at 0x0000014AC2FBCA50>, <src.product.Product object at 0x0000014AC2FBC750>]
2026-06-17 16:35:54,439 - utils - create_category_from_json - DEBUG - Делай два - red = {'name': 'Смартфоны', 'description': 'Смартфоны, как средство не только коммуникации, но и получение дополнительных функций для удобства жизни', 'products': [<src.product.Product object at 0x0000014AC2F51BF0>, <src.product.Product object at 0x0000014AC2FBCA50>, <src.product.Product object at 0x0000014AC2FBC750>]}
2026-06-17 16:35:54,439 - utils - create_category_from_json - DEBUG - Делай три - fin = [<src.category.Category object at 0x0000014AC2FBCB50>]
2026-06-17 16:35:54,439 - utils - create_category_from_json - DEBUG - Делай ноль - green = {'name': '55" QLED 4K', 'description': 'Фоновая подсветка', 'price': 123000.0, 'quantity': 7}
2026-06-17 16:35:54,439 - utils - create_category_from_json - DEBUG - Делай один - products = [<src.product.Product object at 0x0000014AC2FB0D70>]
2026-06-17 16:35:54,439 - utils - create_category_from_json - DEBUG - Делай два - red = {'name': 'Телевизоры', 'description': 'Современный телевизор, который позволяет наслаждаться просмотром, станет вашим другом и помощником', 'products': [<src.product.Product object at 0x0000014AC2FB0D70>]}
2026-06-17 16:35:54,439 - utils - create_category_from_json - DEBUG - Делай три - fin = [<src.category.Category object at 0x0000014AC2FBCB50>, <src.category.Category object at 0x0000014AC2FBCC50>]
2026-06-17 16:35:54,439 - utils - create_category_from_json - DEBUG - Делай четыре - fin = [<src.category.Category object at 0x0000014AC2FBCB50>, <src.category.Category object at 0x0000014AC2FBCC50>]
2026-06-17 16:37:01,792 - utils - create_category_from_json - DEBUG - Делай ноль - green = {'name': 'Samsung Galaxy C23 Ultra', 'description': '256GB, Серый цвет, 200MP камера', 'price': 180000.0, 'quantity': 5}
2026-06-17 16:37:01,792 - utils - create_category_from_json - DEBUG - Делай один - products = [<src.product.Product object at 0x00000274708D1BF0>]
2026-06-17 16:37:01,792 - utils - create_category_from_json - DEBUG - Делай два - red = {'name': 'Смартфоны', 'description': 'Смартфоны, как средство не только коммуникации, но и получение дополнительных функций для удобства жизни', 'products': [<src.product.Product object at 0x00000274708D1BF0>]}
2026-06-17 16:37:01,792 - utils - create_category_from_json - DEBUG - Делай ноль - green = {'name': 'Iphone 15', 'description': '512GB, Gray space', 'price': 210000.0, 'quantity': 8}
2026-06-17 16:37:01,792 - utils - create_category_from_json - DEBUG - Делай один - products = [<src.product.Product object at 0x00000274708D1BF0>, <src.product.Product object at 0x000002747093C750>]
2026-06-17 16:37:01,792 - utils - create_category_from_json - DEBUG - Делай два - red = {'name': 'Смартфоны', 'description': 'Смартфоны, как средство не только коммуникации, но и получение дополнительных функций для удобства жизни', 'products': [<src.product.Product object at 0x00000274708D1BF0>, <src.product.Product object at 0x000002747093C750>]}
2026-06-17 16:37:01,793 - utils - create_category_from_json - DEBUG - Делай ноль - green = {'name': 'Xiaomi Redmi Note 11', 'description': '1024GB, Синий', 'price': 31000.0, 'quantity': 14}
2026-06-17 16:37:01,793 - utils - create_category_from_json - DEBUG - Делай один - products = [<src.product.Product object at 0x00000274708D1BF0>, <src.product.Product object at 0x000002747093C750>, <src.product.Product object at 0x000002747093CA50>]
2026-06-17 16:37:01,793 - utils - create_category_from_json - DEBUG - Делай два - red = {'name': 'Смартфоны', 'description': 'Смартфоны, как средство не только коммуникации, но и получение дополнительных функций для удобства жизни', 'products': [<src.product.Product object at 0x00000274708D1BF0>, <src.product.Product object at 0x000002747093C750>, <src.product.Product object at 0x000002747093CA50>]}
2026-06-17 16:37:01,793 - utils - create_category_from_json - DEBUG - Делай три - fin = [<src.category.Category object at 0x000002747093CB50>]
2026-06-17 16:37:01,793 - utils - create_category_from_json - DEBUG - Делай ноль - green = {'name': '55" QLED 4K', 'description': 'Фоновая подсветка', 'price': 123000.0, 'quantity': 7}
2026-06-17 16:37:01,793 - utils - create_category_from_json - DEBUG - Делай один - products = [<src.product.Product object at 0x0000027470930C80>]
2026-06-17 16:37:01,793 - utils - create_category_from_json - DEBUG - Делай два - red = {'name': 'Телевизоры', 'description': 'Современный телевизор, который позволяет наслаждаться просмотром, станет вашим другом и помощником', 'products': [<src.product.Product object at 0x0000027470930C80>]}
2026-06-17 16:37:01,793 - utils - create_category_from_json - DEBUG - Делай три - fin = [<src.category.Category object at 0x000002747093CB50>, <src.category.Category object at 0x000002747093CC50>]
2026-06-17 16:37:01,793 - utils - create_category_from_json - DEBUG - Делай четыре - fin = [<src.category.Category object at 0x000002747093CB50>, <src.category.Category object at 0x000002747093CC50>]
2026-06-17 16:38:56,533 - utils - create_category_from_json - DEBUG - Делай ноль - green = {'name': 'Samsung Galaxy C23 Ultra', 'description': '256GB, Серый цвет, 200MP камера', 'price': 180000.0, 'quantity': 5}
2026-06-17 16:38:56,533 - utils - create_category_from_json - DEBUG - Делай один - products = [<src.product.Product object at 0x0000016E6F34CA50>]
2026-06-17 16:38:56,533 - utils - create_category_from_json - DEBUG - Делай два - red = {'name': 'Смартфоны', 'description': 'Смартфоны, как средство не только коммуникации, но и получение дополнительных функций для удобства жизни', 'products': [<src.product.Product object at 0x0000016E6F34CA50>]}
2026-06-17 16:38:56,533 - utils - create_category_from_json - DEBUG - Делай ноль - green = {'name': 'Iphone 15', 'description': '512GB, Gray space', 'price': 210000.0, 'quantity': 8}
2026-06-17 16:38:56,533 - utils - create_category_from_json - DEBUG - Делай один - products = [<src.product.Product object at 0x0000016E6F34CA50>, <src.product.Product object at 0x0000016E6F34C850>]
2026-06-17 16:38:56,533 - utils - create_category_from_json - DEBUG - Делай два - red = {'name': 'Смартфоны', 'description': 'Смартфоны, как средство не только коммуникации, но и получение дополнительных функций для удобства жизни', 'products': [<src.product.Product object at 0x0000016E6F34CA50>, <src.product.Product object at 0x0000016E6F34C850>]}
2026-06-17 16:38:56,533 - utils - create_category_from_json - DEBUG - Делай ноль - green = {'name': 'Xiaomi Redmi Note 11', 'description': '1024GB, Синий', 'price': 31000.0, 'quantity': 14}
2026-06-17 16:38:56,533 - utils - create_category_from_json - DEBUG - Делай один - products = [<src.product.Product object at 0x0000016E6F34CA50>, <src.product.Product object at 0x0000016E6F34C850>, <src.product.Product object at 0x0000016E6F35D400>]
2026-06-17 16:38:56,533 - utils - create_category_from_json - DEBUG - Делай два - red = {'name': 'Смартфоны', 'description': 'Смартфоны, как средство не только коммуникации, но и получение дополнительных функций для удобства жизни', 'products': [<src.product.Product object at 0x0000016E6F34CA50>, <src.product.Product object at 0x0000016E6F34C850>, <src.product.Product object at 0x0000016E6F35D400>]}
2026-06-17 16:38:56,533 - utils - create_category_from_json - DEBUG - Делай три - fin = [<src.category.Category object at 0x0000016E6F34CB50>]
2026-06-17 16:38:56,533 - utils - create_category_from_json - DEBUG - Делай ноль - green = {'name': '55" QLED 4K', 'description': 'Фоновая подсветка', 'price': 123000.0, 'quantity': 7}
2026-06-17 16:38:56,533 - utils - create_category_from_json - DEBUG - Делай один - products = [<src.product.Product object at 0x0000016E6F35D5E0>]
2026-06-17 16:38:56,533 - utils - create_category_from_json - DEBUG - Делай два - red = {'name': 'Телевизоры', 'description': 'Современный телевизор, который позволяет наслаждаться просмотром, станет вашим другом и помощником', 'products': [<src.product.Product object at 0x0000016E6F35D5E0>]}
2026-06-17 16:38:56,533 - utils - create_category_from_json - DEBUG - Делай три - fin = [<src.category.Category object at 0x0000016E6F34CB50>, <src.category.Category object at 0x0000016E6F34CC50>]
2026-06-17 16:38:56,533 - utils - create_category_from_json - DEBUG - Делай четыре - fin = [<src.category.Category object at 0x0000016E6F34CB50>, <src.category.Category object at 0x0000016E6F34CC50>]
2026-06-17 16:39:36,094 - utils - create_category_from_json - DEBUG - Делай ноль - green = {'name': 'Samsung Galaxy C23 Ultra', 'description': '256GB, Серый цвет, 200MP камера', 'price': 180000.0, 'quantity': 5}
2026-06-17 16:39:36,094 - utils - create_category_from_json - DEBUG - Делай один - products = [<src.product.Product object at 0x000001DF0D59C350>]
2026-06-17 16:39:36,094 - utils - create_category_from_json - DEBUG - Делай два - red = {'name': 'Смартфоны', 'description': 'Смартфоны, как средство не только коммуникации, но и получение дополнительных функций для удобства жизни', 'products': [<src.product.Product object at 0x000001DF0D59C350>]}
2026-06-17 16:39:36,094 - utils - create_category_from_json - DEBUG - Делай ноль - green = {'name': 'Iphone 15', 'description': '512GB, Gray space', 'price': 210000.0, 'quantity': 8}
2026-06-17 16:39:36,095 - utils - create_category_from_json - DEBUG - Делай один - products = [<src.product.Product object at 0x000001DF0D59C350>, <src.product.Product object at 0x000001DF0D59C550>]
2026-06-17 16:39:36,095 - utils - create_category_from_json - DEBUG - Делай два - red = {'name': 'Смартфоны', 'description': 'Смартфоны, как средство не только коммуникации, но и получение дополнительных функций для удобства жизни', 'products': [<src.product.Product object at 0x000001DF0D59C350>, <src.product.Product object at 0x000001DF0D59C550>]}
2026-06-17 16:39:36,095 - utils - create_category_from_json - DEBUG - Делай ноль - green = {'name': 'Xiaomi Redmi Note 11', 'description': '1024GB, Синий', 'price': 31000.0, 'quantity': 14}
2026-06-17 16:39:36,095 - utils - create_category_from_json - DEBUG - Делай один - products = [<src.product.Product object at 0x000001DF0D59C350>, <src.product.Product object at 0x000001DF0D59C550>, <src.product.Product object at 0x000001DF0D58C140>]
2026-06-17 16:39:36,095 - utils - create_category_from_json - DEBUG - Делай два - red = {'name': 'Смартфоны', 'description': 'Смартфоны, как средство не только коммуникации, но и получение дополнительных функций для удобства жизни', 'products': [<src.product.Product object at 0x000001DF0D59C350>, <src.product.Product object at 0x000001DF0D59C550>, <src.product.Product object at 0x000001DF0D58C140>]}
2026-06-17 16:39:36,095 - utils - create_category_from_json - DEBUG - Делай три - fin = [<src.category.Category object at 0x000001DF0D59C650>]
2026-06-17 16:39:36,095 - utils - create_category_from_json - DEBUG - Делай ноль - green = {'name': '55" QLED 4K', 'description': 'Фоновая подсветка', 'price': 123000.0, 'quantity': 7}
2026-06-17 16:39:36,095 - utils - create_category_from_json - DEBUG - Делай один - products = [<src.product.Product object at 0x000001DF0D58C230>]
2026-06-17 16:39:36,095 - utils - create_category_from_json - DEBUG - Делай два - red = {'name': 'Телевизоры', 'description': 'Современный телевизор, который позволяет наслаждаться просмотром, станет вашим другом и помощником', 'products': [<src.product.Product object at 0x000001DF0D58C230>]}
2026-06-17 16:39:36,095 - utils - create_category_from_json - DEBUG - Делай три - fin = [<src.category.Category object at 0x000001DF0D59C650>, <src.category.Category object at 0x000001DF0D59C750>]
2026-06-17 16:39:36,095 - utils - create_category_from_json - DEBUG - Делай четыре - fin = [<src.category.Category object at 0x000001DF0D59C650>, <src.category.Category object at 0x000001DF0D59C750>]
2026-06-17 16:43:31,246 - utils - create_category_from_json - DEBUG - Делай ноль - green = {'name': 'Samsung Galaxy C23 Ultra', 'description': '256GB, Серый цвет, 200MP камера', 'price': 180000.0, 'quantity': 5}
2026-06-17 16:43:31,246 - utils - create_category_from_json - DEBUG - Делай один - products = [<src.product.Product object at 0x000001EF0A3967B0>]
2026-06-17 16:43:31,246 - utils - create_category_from_json - DEBUG - Делай два - red = {'name': 'Смартфоны', 'description': 'Смартфоны, как средство не только коммуникации, но и получение дополнительных функций для удобства жизни', 'products': [<src.product.Product object at 0x000001EF0A3967B0>]}
2026-06-17 16:43:31,246 - utils - create_category_from_json - DEBUG - Делай ноль - green = {'name': 'Iphone 15', 'description': '512GB, Gray space', 'price': 210000.0, 'quantity': 8}
2026-06-17 16:43:31,246 - utils - create_category_from_json - DEBUG - Делай один - products = [<src.product.Product object at 0x000001EF0A3967B0>, <src.product.Product object at 0x000001EF0A3968A0>]
2026-06-17 16:43:31,246 - utils - create_category_from_json - DEBUG - Делай два - red = {'name': 'Смартфоны', 'description': 'Смартфоны, как средство не только коммуникации, но и получение дополнительных функций для удобства жизни', 'products': [<src.product.Product object at 0x000001EF0A3967B0>, <src.product.Product object at 0x000001EF0A3968A0>]}
2026-06-17 16:43:31,246 - utils - create_category_from_json - DEBUG - Делай ноль - green = {'name': 'Xiaomi Redmi Note 11', 'description': '1024GB, Синий', 'price': 31000.0, 'quantity': 14}
2026-06-17 16:43:31,246 - utils - create_category_from_json - DEBUG - Делай один - products = [<src.product.Product object at 0x000001EF0A3967B0>, <src.product.Product object at 0x000001EF0A3968A0>, <src.product.Product object at 0x000001EF0A38EA50>]
2026-06-17 16:43:31,246 - utils - create_category_from_json - DEBUG - Делай два - red = {'name': 'Смартфоны', 'description': 'Смартфоны, как средство не только коммуникации, но и получение дополнительных функций для удобства жизни', 'products': [<src.product.Product object at 0x000001EF0A3967B0>, <src.product.Product object at 0x000001EF0A3968A0>, <src.product.Product object at 0x000001EF0A38EA50>]}
2026-06-17 16:43:31,246 - utils - create_category_from_json - DEBUG - Делай три - fin = [<src.category.Category object at 0x000001EF0A3B1250>]
2026-06-17 16:43:31,246 - utils - create_category_from_json - DEBUG - Делай ноль - green = {'name': '55" QLED 4K', 'description': 'Фоновая подсветка', 'price': 123000.0, 'quantity': 7}
2026-06-17 16:43:31,246 - utils - create_category_from_json - DEBUG - Делай один - products = [<src.product.Product object at 0x000001EF0A38E7B0>]
2026-06-17 16:43:31,246 - utils - create_category_from_json - DEBUG - Делай два - red = {'name': 'Телевизоры', 'description': 'Современный телевизор, который позволяет наслаждаться просмотром, станет вашим другом и помощником', 'products': [<src.product.Product object at 0x000001EF0A38E7B0>]}
2026-06-17 16:43:31,247 - utils - create_category_from_json - DEBUG - Делай три - fin = [<src.category.Category object at 0x000001EF0A3B1250>, <src.category.Category object at 0x000001EF0A396990>]
2026-06-17 16:43:31,247 - utils - create_category_from_json - DEBUG - Делай четыре - fin = [<src.category.Category object at 0x000001EF0A3B1250>, <src.category.Category object at 0x000001EF0A396990>]
2026-06-17 16:45:25,799 - utils - create_category_from_json - DEBUG - Делай ноль - green = {'name': 'Samsung Galaxy C23 Ultra', 'description': '256GB, Серый цвет, 200MP камера', 'price': 180000.0, 'quantity': 5}
2026-06-17 16:45:25,799 - utils - create_category_from_json - DEBUG - Делай один - products = [<src.product.Product object at 0x0000023DD5E559A0>]
2026-06-17 16:45:25,799 - utils - create_category_from_json - DEBUG - Делай два - red = {'name': 'Смартфоны', 'description': 'Смартфоны, как средство не только коммуникации, но и получение дополнительных функций для удобства жизни', 'products': [<src.product.Product object at 0x0000023DD5E559A0>]}
2026-06-17 16:45:25,799 - utils - create_category_from_json - DEBUG - Делай ноль - green = {'name': 'Iphone 15', 'description': '512GB, Gray space', 'price': 210000.0, 'quantity': 8}
2026-06-17 16:45:25,799 - utils - create_category_from_json - DEBUG - Делай один - products = [<src.product.Product object at 0x0000023DD5E559A0>, <src.product.Product object at 0x0000023DD5E55A90>]
2026-06-17 16:45:25,799 - utils - create_category_from_json - DEBUG - Делай два - red = {'name': 'Смартфоны', 'description': 'Смартфоны, как средство не только коммуникации, но и получение дополнительных функций для удобства жизни', 'products': [<src.product.Product object at 0x0000023DD5E559A0>, <src.product.Product object at 0x0000023DD5E55A90>]}
2026-06-17 16:45:25,799 - utils - create_category_from_json - DEBUG - Делай ноль - green = {'name': 'Xiaomi Redmi Note 11', 'description': '1024GB, Синий', 'price': 31000.0, 'quantity': 14}
2026-06-17 16:45:25,800 - utils - create_category_from_json - DEBUG - Делай один - products = [<src.product.Product object at 0x0000023DD5E559A0>, <src.product.Product object at 0x0000023DD5E55A90>, <src.product.Product object at 0x0000023DD5E4E890>]
2026-06-17 16:45:25,800 - utils - create_category_from_json - DEBUG - Делай два - red = {'name': 'Смартфоны', 'description': 'Смартфоны, как средство не только коммуникации, но и получение дополнительных функций для удобства жизни', 'products': [<src.product.Product object at 0x0000023DD5E559A0>, <src.product.Product object at 0x0000023DD5E55A90>, <src.product.Product object at 0x0000023DD5E4E890>]}
2026-06-17 16:45:25,800 - utils - create_category_from_json - DEBUG - Делай три - fin = [<src.category.Category object at 0x0000023DD5E70C50>]
2026-06-17 16:45:25,800 - utils - create_category_from_json - DEBUG - Делай ноль - green = {'name': '55" QLED 4K', 'description': 'Фоновая подсветка', 'price': 123000.0, 'quantity': 7}
2026-06-17 16:45:25,800 - utils - create_category_from_json - DEBUG - Делай один - products = [<src.product.Product object at 0x0000023DD5E4E970>]
2026-06-17 16:45:25,800 - utils - create_category_from_json - DEBUG - Делай два - red = {'name': 'Телевизоры', 'description': 'Современный телевизор, который позволяет наслаждаться просмотром, станет вашим другом и помощником', 'products': [<src.product.Product object at 0x0000023DD5E4E970>]}
2026-06-17 16:45:25,800 - utils - create_category_from_json - DEBUG - Делай три - fin = [<src.category.Category object at 0x0000023DD5E70C50>, <src.category.Category object at 0x0000023DD5E55B80>]
2026-06-17 16:45:25,800 - utils - create_category_from_json - DEBUG - Делай четыре - fin = [<src.category.Category object at 0x0000023DD5E70C50>, <src.category.Category object at 0x0000023DD5E55B80>]
2026-06-17 16:46:30,213 - utils - create_category_from_json - DEBUG - Делай ноль - green = {'name': 'Samsung Galaxy C23 Ultra', 'description': '256GB, Серый цвет, 200MP камера', 'price': 180000.0, 'quantity': 5}
2026-06-17 16:46:30,213 - utils - create_category_from_json - DEBUG - Делай один - products = [<src.product.Product object at 0x000001DD524F4230>]
2026-06-17 16:46:30,213 - utils - create_category_from_json - DEBUG - Делай два - red = {'name': 'Смартфоны', 'description': 'Смартфоны, как средство не только коммуникации, но и получение дополнительных функций для удобства жизни', 'products': [<src.product.Product object at 0x000001DD524F4230>]}
2026-06-17 16:46:30,213 - utils - create_category_from_json - DEBUG - Делай ноль - green = {'name': 'Iphone 15', 'description': '512GB, Gray space', 'price': 210000.0, 'quantity': 8}
2026-06-17 16:46:30,213 - utils - create_category_from_json - DEBUG - Делай один - products = [<src.product.Product object at 0x000001DD524F4230>, <src.product.Product object at 0x000001DD524F4320>]
2026-06-17 16:46:30,213 - utils - create_category_from_json - DEBUG - Делай два - red = {'name': 'Смартфоны', 'description': 'Смартфоны, как средство не только коммуникации, но и получение дополнительных функций для удобства жизни', 'products': [<src.product.Product object at 0x000001DD524F4230>, <src.product.Product object at 0x000001DD524F4320>]}
2026-06-17 16:46:30,213 - utils - create_category_from_json - DEBUG - Делай ноль - green = {'name': 'Xiaomi Redmi Note 11', 'description': '1024GB, Синий', 'price': 31000.0, 'quantity': 14}
2026-06-17 16:46:30,213 - utils - create_category_from_json - DEBUG - Делай один - products = [<src.product.Product object at 0x000001DD524F4230>, <src.product.Product object at 0x000001DD524F4320>, <src.product.Product object at 0x000001DD524DD8D0>]
2026-06-17 16:46:30,213 - utils - create_category_from_json - DEBUG - Делай два - red = {'name': 'Смартфоны', 'description': 'Смартфоны, как средство не только коммуникации, но и получение дополнительных функций для удобства жизни', 'products': [<src.product.Product object at 0x000001DD524F4230>, <src.product.Product object at 0x000001DD524F4320>, <src.product.Product object at 0x000001DD524DD8D0>]}
2026-06-17 16:46:30,213 - utils - create_category_from_json - DEBUG - Делай три - fin = [<src.category.Category object at 0x000001DD52500750>]
2026-06-17 16:46:30,213 - utils - create_category_from_json - DEBUG - Делай ноль - green = {'name': '55" QLED 4K', 'description': 'Фоновая подсветка', 'price': 123000.0, 'quantity': 7}
2026-06-17 16:46:30,213 - utils - create_category_from_json - DEBUG - Делай один - products = [<src.product.Product object at 0x000001DD524DD9B0>]
2026-06-17 16:46:30,213 - utils - create_category_from_json - DEBUG - Делай два - red = {'name': 'Телевизоры', 'description': 'Современный телевизор, который позволяет наслаждаться просмотром, станет вашим другом и помощником', 'products': [<src.product.Product object at 0x000001DD524DD9B0>]}
2026-06-17 16:46:30,213 - utils - create_category_from_json - DEBUG - Делай три - fin = [<src.category.Category object at 0x000001DD52500750>, <src.category.Category object at 0x000001DD524F4410>]
2026-06-17 16:46:30,213 - utils - create_category_from_json - DEBUG - Делай четыре - fin = [<src.category.Category object at 0x000001DD52500750>, <src.category.Category object at 0x000001DD524F4410>]
2026-06-17 16:46:46,555 - utils - create_category_from_json - DEBUG - Делай ноль - green = {'name': 'Samsung Galaxy C23 Ultra', 'description': '256GB, Серый цвет, 200MP камера', 'price': 180000.0, 'quantity': 5}
2026-06-17 16:46:46,555 - utils - create_category_from_json - DEBUG - Делай один - products = [<src.product.Product object at 0x00000207F3A13D40>]
2026-06-17 16:46:46,555 - utils - create_category_from_json - DEBUG - Делай два - red = {'name': 'Смартфоны', 'description': 'Смартфоны, как средство не только коммуникации, но и получение дополнительных функций для удобства жизни', 'products': [<src.product.Product object at 0x00000207F3A13D40>]}
2026-06-17 16:46:46,555 - utils - create_category_from_json - DEBUG - Делай ноль - green = {'name': 'Iphone 15', 'description': '512GB, Gray space', 'price': 210000.0, 'quantity': 8}
2026-06-17 16:46:46,555 - utils - create_category_from_json - DEBUG - Делай один - products = [<src.product.Product object at 0x00000207F3A13D40>, <src.product.Product object at 0x00000207F3A13E30>]
2026-06-17 16:46:46,555 - utils - create_category_from_json - DEBUG - Делай два - red = {'name': 'Смартфоны', 'description': 'Смартфоны, как средство не только коммуникации, но и получение дополнительных функций для удобства жизни', 'products': [<src.product.Product object at 0x00000207F3A13D40>, <src.product.Product object at 0x00000207F3A13E30>]}
2026-06-17 16:46:46,555 - utils - create_category_from_json - DEBUG - Делай ноль - green = {'name': 'Xiaomi Redmi Note 11', 'description': '1024GB, Синий', 'price': 31000.0, 'quantity': 14}
2026-06-17 16:46:46,555 - utils - create_category_from_json - DEBUG - Делай один - products = [<src.product.Product object at 0x00000207F3A13D40>, <src.product.Product object at 0x00000207F3A13E30>, <src.product.Product object at 0x00000207F3AC7930>]
2026-06-17 16:46:46,555 - utils - create_category_from_json - DEBUG - Делай два - red = {'name': 'Смартфоны', 'description': 'Смартфоны, как средство не только коммуникации, но и получение дополнительных функций для удобства жизни', 'products': [<src.product.Product object at 0x00000207F3A13D40>, <src.product.Product object at 0x00000207F3A13E30>, <src.product.Product object at 0x00000207F3AC7930>]}
2026-06-17 16:46:46,555 - utils - create_category_from_json - DEBUG - Делай три - fin = [<src.category.Category object at 0x00000207F3AA5450>]
2026-06-17 16:46:46,556 - utils - create_category_from_json - DEBUG - Делай ноль - green = {'name': '55" QLED 4K', 'description': 'Фоновая подсветка', 'price': 123000.0, 'quantity': 7}
2026-06-17 16:46:46,556 - utils - create_category_from_json - DEBUG - Делай один - products = [<src.product.Product object at 0x00000207F3AC7A10>]
2026-06-17 16:46:46,556 - utils - create_category_from_json - DEBUG - Делай два - red = {'name': 'Телевизоры', 'description': 'Современный телевизор, который позволяет наслаждаться просмотром, станет вашим другом и помощником', 'products': [<src.product.Product object at 0x00000207F3AC7A10>]}
2026-06-17 16:46:46,556 - utils - create_category_from_json - DEBUG - Делай три - fin = [<src.category.Category object at 0x00000207F3AA5450>, <src.category.Category object at 0x00000207F3A13F20>]
2026-06-17 16:46:46,556 - utils - create_category_from_json - DEBUG - Делай четыре - fin = [<src.category.Category object at 0x00000207F3AA5450>, <src.category.Category object at 0x00000207F3A13F20>]
2026-06-17 17:03:31,762 - utils - create_category_from_json - DEBUG - Делай ноль - green = {'name': 'Samsung Galaxy C23 Ultra', 'description': '256GB, Серый цвет, 200MP камера', 'price': 180000.0, 'quantity': 5}
2026-06-17 17:03:31,762 - utils - create_category_from_json - DEBUG - Делай один - products = [<src.product.Product object at 0x0000029605FF49B0>]
2026-06-17 17:03:31,762 - utils - create_category_from_json - DEBUG - Делай два - red = {'name': 'Смартфоны', 'description': 'Смартфоны, как средство не только коммуникации, но и получение дополнительных функций для удобства жизни', 'products': [<src.product.Product object at 0x0000029605FF49B0>]}
2026-06-17 17:03:31,762 - utils - create_category_from_json - DEBUG - Делай ноль - green = {'name': 'Iphone 15', 'description': '512GB, Gray space', 'price': 210000.0, 'quantity': 8}
2026-06-17 17:03:31,762 - utils - create_category_from_json - DEBUG - Делай один - products = [<src.product.Product object at 0x0000029605FF49B0>, <src.product.Product object at 0x0000029605FF4AA0>]
2026-06-17 17:03:31,762 - utils - create_category_from_json - DEBUG - Делай два - red = {'name': 'Смартфоны', 'description': 'Смартфоны, как средство не только коммуникации, но и получение дополнительных функций для удобства жизни', 'products': [<src.product.Product object at 0x0000029605FF49B0>, <src.product.Product object at 0x0000029605FF4AA0>]}
2026-06-17 17:03:31,762 - utils - create_category_from_json - DEBUG - Делай ноль - green = {'name': 'Xiaomi Redmi Note 11', 'description': '1024GB, Синий', 'price': 31000.0, 'quantity': 14}
2026-06-17 17:03:31,762 - utils - create_category_from_json - DEBUG - Делай один - products = [<src.product.Product object at 0x0000029605FF49B0>, <src.product.Product object at 0x0000029605FF4AA0>, <src.product.Product object at 0x0000029605FEDD30>]
2026-06-17 17:03:31,762 - utils - create_category_from_json - DEBUG - Делай два - red = {'name': 'Смартфоны', 'description': 'Смартфоны, как средство не только коммуникации, но и получение дополнительных функций для удобства жизни', 'products': [<src.product.Product object at 0x0000029605FF49B0>, <src.product.Product object at 0x0000029605FF4AA0>, <src.product.Product object at 0x0000029605FEDD30>]}
2026-06-17 17:03:31,762 - utils - create_category_from_json - DEBUG - Делай три - fin = [<src.category.Category object at 0x0000029605FF8F50>]
2026-06-17 17:03:31,763 - utils - create_category_from_json - DEBUG - Делай ноль - green = {'name': '55" QLED 4K', 'description': 'Фоновая подсветка', 'price': 123000.0, 'quantity': 7}
2026-06-17 17:03:31,763 - utils - create_category_from_json - DEBUG - Делай один - products = [<src.product.Product object at 0x0000029605FEDEF0>]
2026-06-17 17:03:31,763 - utils - create_category_from_json - DEBUG - Делай два - red = {'name': 'Телевизоры', 'description': 'Современный телевизор, который позволяет наслаждаться просмотром, станет вашим другом и помощником', 'products': [<src.product.Product object at 0x0000029605FEDEF0>]}
2026-06-17 17:03:31,763 - utils - create_category_from_json - DEBUG - Делай три - fin = [<src.category.Category object at 0x0000029605FF8F50>, <src.category.Category object at 0x0000029605FF4B90>]
2026-06-17 17:03:31,763 - utils - create_category_from_json - DEBUG - Делай четыре - fin = [<src.category.Category object at 0x0000029605FF8F50>, <src.category.Category object at 0x0000029605FF4B90>]
2026-06-17 17:08:40,292 - utils - create_category_from_json - DEBUG - Делай ноль - green = {'name': 'Samsung Galaxy C23 Ultra', 'description': '256GB, Серый цвет, 200MP камера', 'price': 180000.0, 'quantity': 5}
2026-06-17 17:08:40,292 - utils - create_category_from_json - DEBUG - Делай один - products = [<src.product.Product object at 0x00000211B0E44230>]
2026-06-17 17:08:40,292 - utils - create_category_from_json - DEBUG - Делай два - red = {'name': 'Смартфоны', 'description': 'Смартфоны, как средство не только коммуникации, но и получение дополнительных функций для удобства жизни', 'products': [<src.product.Product object at 0x00000211B0E44230>]}
2026-06-17 17:08:40,292 - utils - create_category_from_json - DEBUG - Делай ноль - green = {'name': 'Iphone 15', 'description': '512GB, Gray space', 'price': 210000.0, 'quantity': 8}
2026-06-17 17:08:40,292 - utils - create_category_from_json - DEBUG - Делай один - products = [<src.product.Product object at 0x00000211B0E44230>, <src.product.Product object at 0x00000211B0E3DC50>]
2026-06-17 17:08:40,292 - utils - create_category_from_json - DEBUG - Делай два - red = {'name': 'Смартфоны', 'description': 'Смартфоны, как средство не только коммуникации, но и получение дополнительных функций для удобства жизни', 'products': [<src.product.Product object at 0x00000211B0E44230>, <src.product.Product object at 0x00000211B0E3DC50>]}
2026-06-17 17:08:40,292 - utils - create_category_from_json - DEBUG - Делай ноль - green = {'name': 'Xiaomi Redmi Note 11', 'description': '1024GB, Синий', 'price': 31000.0, 'quantity': 14}
2026-06-17 17:08:40,292 - utils - create_category_from_json - DEBUG - Делай один - products = [<src.product.Product object at 0x00000211B0E44230>, <src.product.Product object at 0x00000211B0E3DC50>, <src.product.Product object at 0x00000211B0E3DD30>]
2026-06-17 17:08:40,292 - utils - create_category_from_json - DEBUG - Делай два - red = {'name': 'Смартфоны', 'description': 'Смартфоны, как средство не только коммуникации, но и получение дополнительных функций для удобства жизни', 'products': [<src.product.Product object at 0x00000211B0E44230>, <src.product.Product object at 0x00000211B0E3DC50>, <src.product.Product object at 0x00000211B0E3DD30>]}
2026-06-17 17:08:40,292 - utils - create_category_from_json - DEBUG - Делай три - fin = [<src.category.Category object at 0x00000211B0E48750>]
2026-06-17 17:08:40,292 - utils - create_category_from_json - DEBUG - Делай ноль - green = {'name': '55" QLED 4K', 'description': 'Фоновая подсветка', 'price': 123000.0, 'quantity': 7}
2026-06-17 17:08:40,292 - utils - create_category_from_json - DEBUG - Делай один - products = [<src.product.Product object at 0x00000211B0DE9570>]
2026-06-17 17:08:40,292 - utils - create_category_from_json - DEBUG - Делай два - red = {'name': 'Телевизоры', 'description': 'Современный телевизор, который позволяет наслаждаться просмотром, станет вашим другом и помощником', 'products': [<src.product.Product object at 0x00000211B0DE9570>]}
2026-06-17 17:08:40,293 - utils - create_category_from_json - DEBUG - Делай три - fin = [<src.category.Category object at 0x00000211B0E48750>, <src.category.Category object at 0x00000211B0E44320>]
2026-06-17 17:08:40,293 - utils - create_category_from_json - DEBUG - Делай четыре - fin = [<src.category.Category object at 0x00000211B0E48750>, <src.category.Category object at 0x00000211B0E44320>]
2026-06-17 17:11:12,046 - utils - create_category_from_json - DEBUG - Делай ноль - green = {'name': 'Samsung Galaxy C23 Ultra', 'description': '256GB, Серый цвет, 200MP камера', 'price': 180000.0, 'quantity': 5}
2026-06-17 17:11:12,046 - utils - create_category_from_json - DEBUG - Делай один - products = [<src.product.Product object at 0x000001EA42F4DE10>]
2026-06-17 17:11:12,046 - utils - create_category_from_json - DEBUG - Делай два - red = {'name': 'Смартфоны', 'description': 'Смартфоны, как средство не только коммуникации, но и получение дополнительных функций для удобства жизни', 'products': [<src.product.Product object at 0x000001EA42F4DE10>]}
2026-06-17 17:11:12,046 - utils - create_category_from_json - DEBUG - Делай ноль - green = {'name': 'Iphone 15', 'description': '512GB, Gray space', 'price': 210000.0, 'quantity': 8}
2026-06-17 17:11:12,046 - utils - create_category_from_json - DEBUG - Делай один - products = [<src.product.Product object at 0x000001EA42F4DE10>, <src.product.Product object at 0x000001EA42F4E0B0>]
2026-06-17 17:11:12,046 - utils - create_category_from_json - DEBUG - Делай два - red = {'name': 'Смартфоны', 'description': 'Смартфоны, как средство не только коммуникации, но и получение дополнительных функций для удобства жизни', 'products': [<src.product.Product object at 0x000001EA42F4DE10>, <src.product.Product object at 0x000001EA42F4E0B0>]}
2026-06-17 17:11:12,046 - utils - create_category_from_json - DEBUG - Делай ноль - green = {'name': 'Xiaomi Redmi Note 11', 'description': '1024GB, Синий', 'price': 31000.0, 'quantity': 14}
2026-06-17 17:11:12,046 - utils - create_category_from_json - DEBUG - Делай один - products = [<src.product.Product object at 0x000001EA42F4DE10>, <src.product.Product object at 0x000001EA42F4E0B0>, <src.product.Product object at 0x000001EA42EF93D0>]
2026-06-17 17:11:12,046 - utils - create_category_from_json - DEBUG - Делай два - red = {'name': 'Смартфоны', 'description': 'Смартфоны, как средство не только коммуникации, но и получение дополнительных функций для удобства жизни', 'products': [<src.product.Product object at 0x000001EA42F4DE10>, <src.product.Product object at 0x000001EA42F4E0B0>, <src.product.Product object at 0x000001EA42EF93D0>]}
2026-06-17 17:11:12,047 - utils - create_category_from_json - DEBUG - Делай три - fin = [<src.category.Category object at 0x000001EA42F5C550>]
2026-06-17 17:11:12,047 - utils - create_category_from_json - DEBUG - Делай ноль - green = {'name': '55" QLED 4K', 'description': 'Фоновая подсветка', 'price': 123000.0, 'quantity': 7}
2026-06-17 17:11:12,047 - utils - create_category_from_json - DEBUG - Делай один - products = [<src.product.Product object at 0x000001EA42F74590>]
2026-06-17 17:11:12,047 - utils - create_category_from_json - DEBUG - Делай два - red = {'name': 'Телевизоры', 'description': 'Современный телевизор, который позволяет наслаждаться просмотром, станет вашим другом и помощником', 'products': [<src.product.Product object at 0x000001EA42F74590>]}
2026-06-17 17:11:12,047 - utils - create_category_from_json - DEBUG - Делай три - fin = [<src.category.Category object at 0x000001EA42F5C550>, <src.category.Category object at 0x000001EA42F54140>]
2026-06-17 17:11:12,047 - utils - create_category_from_json - DEBUG - Делай четыре - fin = [<src.category.Category object at 0x000001EA42F5C550>, <src.category.Category object at 0x000001EA42F54140>]
2026-06-17 17:17:48,332 - utils - create_category_from_json - DEBUG - Делай ноль - green = {'name': 'Samsung Galaxy C23 Ultra', 'description': '256GB, Серый цвет, 200MP камера', 'price': 180000.0, 'quantity': 5}
2026-06-17 17:17:48,333 - utils - create_category_from_json - DEBUG - Делай один - products = [<src.product.Product object at 0x00000226FD3F12B0>]
2026-06-17 17:17:48,333 - utils - create_category_from_json - DEBUG - Делай два - red = {'name': 'Смартфоны', 'description': 'Смартфоны, как средство не только коммуникации, но и получение дополнительных функций для удобства жизни', 'products': [<src.product.Product object at 0x00000226FD3F12B0>]}
2026-06-17 17:17:48,333 - utils - create_category_from_json - DEBUG - Делай ноль - green = {'name': 'Iphone 15', 'description': '512GB, Gray space', 'price': 210000.0, 'quantity': 8}
2026-06-17 17:17:48,333 - utils - create_category_from_json - DEBUG - Делай один - products = [<src.product.Product object at 0x00000226FD3F12B0>, <src.product.Product object at 0x00000226FD39A000>]
2026-06-17 17:17:48,333 - utils - create_category_from_json - DEBUG - Делай два - red = {'name': 'Смартфоны', 'description': 'Смартфоны, как средство не только коммуникации, но и получение дополнительных функций для удобства жизни', 'products': [<src.product.Product object at 0x00000226FD3F12B0>, <src.product.Product object at 0x00000226FD39A000>]}
2026-06-17 17:17:48,333 - utils - create_category_from_json - DEBUG - Делай ноль - green = {'name': 'Xiaomi Redmi Note 11', 'description': '1024GB, Синий', 'price': 31000.0, 'quantity': 14}
2026-06-17 17:17:48,333 - utils - create_category_from_json - DEBUG - Делай один - products = [<src.product.Product object at 0x00000226FD3F12B0>, <src.product.Product object at 0x00000226FD39A000>, <src.product.Product object at 0x00000226FD408C50>]
2026-06-17 17:17:48,333 - utils - create_category_from_json - DEBUG - Делай два - red = {'name': 'Смартфоны', 'description': 'Смартфоны, как средство не только коммуникации, но и получение дополнительных функций для удобства жизни', 'products': [<src.product.Product object at 0x00000226FD3F12B0>, <src.product.Product object at 0x00000226FD39A000>, <src.product.Product object at 0x00000226FD408C50>]}
2026-06-17 17:17:48,333 - utils - create_category_from_json - DEBUG - Делай три - fin = [<src.category.Category object at 0x00000226FD3F8A50>]
2026-06-17 17:17:48,333 - utils - create_category_from_json - DEBUG - Делай ноль - green = {'name': '55" QLED 4K', 'description': 'Фоновая подсветка', 'price': 123000.0, 'quantity': 7}
2026-06-17 17:17:48,333 - utils - create_category_from_json - DEBUG - Делай один - products = [<src.product.Product object at 0x00000226FD408D10>]
2026-06-17 17:17:48,333 - utils - create_category_from_json - DEBUG - Делай два - red = {'name': 'Телевизоры', 'description': 'Современный телевизор, который позволяет наслаждаться просмотром, станет вашим другом и помощником', 'products': [<src.product.Product object at 0x00000226FD408D10>]}
2026-06-17 17:17:48,333 - utils - create_category_from_json - DEBUG - Делай три - fin = [<src.category.Category object at 0x00000226FD3F8A50>, <src.category.Category object at 0x00000226FD40CC80>]
2026-06-17 17:17:48,333 - utils - create_category_from_json - DEBUG - Делай четыре - fin = [<src.category.Category object at 0x00000226FD3F8A50>, <src.category.Category object at 0x00000226FD40CC80>]
2026-06-17 17:19:11,291 - utils - create_category_from_json - DEBUG - Делай ноль - green = {'name': 'Samsung Galaxy C23 Ultra', 'description': '256GB, Серый цвет, 200MP камера', 'price': 180000.0, 'quantity': 5}
2026-06-17 17:19:11,291 - utils - create_category_from_json - DEBUG - Делай один - products = [<src.product.Product object at 0x000002A7F52B12B0>]
2026-06-17 17:19:11,291 - utils - create_category_from_json - DEBUG - Делай два - red = {'name': 'Смартфоны', 'description': 'Смартфоны, как средство не только коммуникации, но и получение дополнительных функций для удобства жизни', 'products': [<src.product.Product object at 0x000002A7F52B12B0>]}
2026-06-17 17:19:11,291 - utils - create_category_from_json - DEBUG - Делай ноль - green = {'name': 'Iphone 15', 'description': '512GB, Gray space', 'price': 210000.0, 'quantity': 8}
2026-06-17 17:19:11,291 - utils - create_category_from_json - DEBUG - Делай один - products = [<src.product.Product object at 0x000002A7F52B12B0>, <src.product.Product object at 0x000002A7F525A0D0>]
2026-06-17 17:19:11,291 - utils - create_category_from_json - DEBUG - Делай два - red = {'name': 'Смартфоны', 'description': 'Смартфоны, как средство не только коммуникации, но и получение дополнительных функций для удобства жизни', 'products': [<src.product.Product object at 0x000002A7F52B12B0>, <src.product.Product object at 0x000002A7F525A0D0>]}
2026-06-17 17:19:11,291 - utils - create_category_from_json - DEBUG - Делай ноль - green = {'name': 'Xiaomi Redmi Note 11', 'description': '1024GB, Синий', 'price': 31000.0, 'quantity': 14}
2026-06-17 17:19:11,291 - utils - create_category_from_json - DEBUG - Делай один - products = [<src.product.Product object at 0x000002A7F52B12B0>, <src.product.Product object at 0x000002A7F525A0D0>, <src.product.Product object at 0x000002A7F52D04D0>]
2026-06-17 17:19:11,291 - utils - create_category_from_json - DEBUG - Делай два - red = {'name': 'Смартфоны', 'description': 'Смартфоны, как средство не только коммуникации, но и получение дополнительных функций для удобства жизни', 'products': [<src.product.Product object at 0x000002A7F52B12B0>, <src.product.Product object at 0x000002A7F525A0D0>, <src.product.Product object at 0x000002A7F52D04D0>]}
2026-06-17 17:19:11,291 - utils - create_category_from_json - DEBUG - Делай три - fin = [<src.category.Category object at 0x000002A7F52B8150>]
2026-06-17 17:19:11,291 - utils - create_category_from_json - DEBUG - Делай ноль - green = {'name': '55" QLED 4K', 'description': 'Фоновая подсветка', 'price': 123000.0, 'quantity': 7}
2026-06-17 17:19:11,291 - utils - create_category_from_json - DEBUG - Делай один - products = [<src.product.Product object at 0x000002A7F52D0590>]
2026-06-17 17:19:11,291 - utils - create_category_from_json - DEBUG - Делай два - red = {'name': 'Телевизоры', 'description': 'Современный телевизор, который позволяет наслаждаться просмотром, станет вашим другом и помощником', 'products': [<src.product.Product object at 0x000002A7F52D0590>]}
2026-06-17 17:19:11,291 - utils - create_category_from_json - DEBUG - Делай три - fin = [<src.category.Category object at 0x000002A7F52B8150>, <src.category.Category object at 0x000002A7F52D8140>]
2026-06-17 17:19:11,291 - utils - create_category_from_json - DEBUG - Делай четыре - fin = [<src.category.Category object at 0x000002A7F52B8150>, <src.category.Category object at 0x000002A7F52D8140>]
2026-06-17 17:20:28,506 - utils - create_category_from_json - DEBUG - Делай ноль - green = {'name': 'Samsung Galaxy C23 Ultra', 'description': '256GB, Серый цвет, 200MP камера', 'price': 180000.0, 'quantity': 5}
2026-06-17 17:20:28,506 - utils - create_category_from_json - DEBUG - Делай один - products = [<src.product.Product object at 0x000001938A87A0D0>]
2026-06-17 17:20:28,506 - utils - create_category_from_json - DEBUG - Делай два - red = {'name': 'Смартфоны', 'description': 'Смартфоны, как средство не только коммуникации, но и получение дополнительных функций для удобства жизни', 'products': [<src.product.Product object at 0x000001938A87A0D0>]}
2026-06-17 17:20:28,506 - utils - create_category_from_json - DEBUG - Делай ноль - green = {'name': 'Iphone 15', 'description': '512GB, Gray space', 'price': 210000.0, 'quantity': 8}
2026-06-17 17:20:28,506 - utils - create_category_from_json - DEBUG - Делай один - products = [<src.product.Product object at 0x000001938A87A0D0>, <src.product.Product object at 0x000001938A8D84D0>]
2026-06-17 17:20:28,506 - utils - create_category_from_json - DEBUG - Делай два - red = {'name': 'Смартфоны', 'description': 'Смартфоны, как средство не только коммуникации, но и получение дополнительных функций для удобства жизни', 'products': [<src.product.Product object at 0x000001938A87A0D0>, <src.product.Product object at 0x000001938A8D84D0>]}
2026-06-17 17:20:28,506 - utils - create_category_from_json - DEBUG - Делай ноль - green = {'name': 'Xiaomi Redmi Note 11', 'description': '1024GB, Синий', 'price': 31000.0, 'quantity': 14}
2026-06-17 17:20:28,506 - utils - create_category_from_json - DEBUG - Делай один - products = [<src.product.Product object at 0x000001938A87A0D0>, <src.product.Product object at 0x000001938A8D84D0>, <src.product.Product object at 0x000001938A8D8590>]
2026-06-17 17:20:28,506 - utils - create_category_from_json - DEBUG - Делай два - red = {'name': 'Смартфоны', 'description': 'Смартфоны, как средство не только коммуникации, но и получение дополнительных функций для удобства жизни', 'products': [<src.product.Product object at 0x000001938A87A0D0>, <src.product.Product object at 0x000001938A8D84D0>, <src.product.Product object at 0x000001938A8D8590>]}
2026-06-17 17:20:28,506 - utils - create_category_from_json - DEBUG - Делай три - fin = [<src.category.Category object at 0x000001938A8DC150>]
2026-06-17 17:20:28,506 - utils - create_category_from_json - DEBUG - Делай ноль - green = {'name': '55" QLED 4K', 'description': 'Фоновая подсветка', 'price': 123000.0, 'quantity': 7}
2026-06-17 17:20:28,506 - utils - create_category_from_json - DEBUG - Делай один - products = [<src.product.Product object at 0x000001938A8FC940>]
2026-06-17 17:20:28,506 - utils - create_category_from_json - DEBUG - Делай два - red = {'name': 'Телевизоры', 'description': 'Современный телевизор, который позволяет наслаждаться просмотром, станет вашим другом и помощником', 'products': [<src.product.Product object at 0x000001938A8FC940>]}
2026-06-17 17:20:28,506 - utils - create_category_from_json - DEBUG - Делай три - fin = [<src.category.Category object at 0x000001938A8DC150>, <src.category.Category object at 0x000001938A900140>]
2026-06-17 17:20:28,506 - utils - create_category_from_json - DEBUG - Делай четыре - fin = [<src.category.Category object at 0x000001938A8DC150>, <src.category.Category object at 0x000001938A900140>]
2026-06-17 17:24:15,394 - utils - create_category_from_json - DEBUG - Делай ноль - green = {'name': 'Samsung Galaxy C23 Ultra', 'description': '256GB, Серый цвет, 200MP камера', 'price': 180000.0, 'quantity': 5}
2026-06-17 17:24:15,394 - utils - create_category_from_json - DEBUG - Делай один - products = [<src.product.Product object at 0x000002603D153D10>]
2026-06-17 17:24:15,394 - utils - create_category_from_json - DEBUG - Делай два - red = {'name': 'Смартфоны', 'description': 'Смартфоны, как средство не только коммуникации, но и получение дополнительных функций для удобства жизни', 'products': [<src.product.Product object at 0x000002603D153D10>]}
2026-06-17 17:24:15,394 - utils - create_category_from_json - DEBUG - Делай ноль - green = {'name': 'Iphone 15', 'description': '512GB, Gray space', 'price': 210000.0, 'quantity': 8}
2026-06-17 17:24:15,395 - utils - create_category_from_json - DEBUG - Делай один - products = [<src.product.Product object at 0x000002603D153D10>, <src.product.Product object at 0x000002603D328C50>]
2026-06-17 17:24:15,395 - utils - create_category_from_json - DEBUG - Делай два - red = {'name': 'Смартфоны', 'description': 'Смартфоны, как средство не только коммуникации, но и получение дополнительных функций для удобства жизни', 'products': [<src.product.Product object at 0x000002603D153D10>, <src.product.Product object at 0x000002603D328C50>]}
2026-06-17 17:24:15,395 - utils - create_category_from_json - DEBUG - Делай ноль - green = {'name': 'Xiaomi Redmi Note 11', 'description': '1024GB, Синий', 'price': 31000.0, 'quantity': 14}
2026-06-17 17:24:15,395 - utils - create_category_from_json - DEBUG - Делай один - products = [<src.product.Product object at 0x000002603D153D10>, <src.product.Product object at 0x000002603D328C50>, <src.product.Product object at 0x000002603D37A780>]
2026-06-17 17:24:15,395 - utils - create_category_from_json - DEBUG - Делай два - red = {'name': 'Смартфоны', 'description': 'Смартфоны, как средство не только коммуникации, но и получение дополнительных функций для удобства жизни', 'products': [<src.product.Product object at 0x000002603D153D10>, <src.product.Product object at 0x000002603D328C50>, <src.product.Product object at 0x000002603D37A780>]}
2026-06-17 17:24:15,395 - utils - create_category_from_json - DEBUG - Делай три - fin = [<src.category.Category object at 0x000002603D340B50>]
2026-06-17 17:24:15,395 - utils - create_category_from_json - DEBUG - Делай ноль - green = {'name': '55" QLED 4K', 'description': 'Фоновая подсветка', 'price': 123000.0, 'quantity': 7}
2026-06-17 17:24:15,395 - utils - create_category_from_json - DEBUG - Делай один - products = [<src.product.Product object at 0x000002603D37A830>]
2026-06-17 17:24:15,395 - utils - create_category_from_json - DEBUG - Делай два - red = {'name': 'Телевизоры', 'description': 'Современный телевизор, который позволяет наслаждаться просмотром, станет вашим другом и помощником', 'products': [<src.product.Product object at 0x000002603D37A830>]}
2026-06-17 17:24:15,395 - utils - create_category_from_json - DEBUG - Делай три - fin = [<src.category.Category object at 0x000002603D340B50>, <src.category.Category object at 0x000002603D354E60>]
2026-06-17 17:24:15,395 - utils - create_category_from_json - DEBUG - Делай четыре - fin = [<src.category.Category object at 0x000002603D340B50>, <src.category.Category object at 0x000002603D354E60>]
2026-06-17 17:31:27,887 - utils - create_category_from_json - DEBUG - Делай ноль - green = {'name': 'Samsung Galaxy C23 Ultra', 'description': '256GB, Серый цвет, 200MP камера', 'price': 180000.0, 'quantity': 5}
2026-06-17 17:31:27,887 - utils - create_category_from_json - DEBUG - Делай один - products = [<src.product.Product object at 0x000002C40C5A41D0>]
2026-06-17 17:31:27,887 - utils - create_category_from_json - DEBUG - Делай два - red = {'name': 'Смартфоны', 'description': 'Смартфоны, как средство не только коммуникации, но и получение дополнительных функций для удобства жизни', 'products': [<src.product.Product object at 0x000002C40C5A41D0>]}
2026-06-17 17:31:27,887 - utils - create_category_from_json - DEBUG - Делай ноль - green = {'name': 'Iphone 15', 'description': '512GB, Gray space', 'price': 210000.0, 'quantity': 8}
2026-06-17 17:31:27,887 - utils - create_category_from_json - DEBUG - Делай один - products = [<src.product.Product object at 0x000002C40C5A41D0>, <src.product.Product object at 0x000002C40C5A4650>]
2026-06-17 17:31:27,887 - utils - create_category_from_json - DEBUG - Делай два - red = {'name': 'Смартфоны', 'description': 'Смартфоны, как средство не только коммуникации, но и получение дополнительных функций для удобства жизни', 'products': [<src.product.Product object at 0x000002C40C5A41D0>, <src.product.Product object at 0x000002C40C5A4650>]}
2026-06-17 17:31:27,887 - utils - create_category_from_json - DEBUG - Делай ноль - green = {'name': 'Xiaomi Redmi Note 11', 'description': '1024GB, Синий', 'price': 31000.0, 'quantity': 14}
2026-06-17 17:31:27,887 - utils - create_category_from_json - DEBUG - Делай один - products = [<src.product.Product object at 0x000002C40C5A41D0>, <src.product.Product object at 0x000002C40C5A4650>, <src.product.Product object at 0x000002C40C59CD60>]
2026-06-17 17:31:27,887 - utils - create_category_from_json - DEBUG - Делай два - red = {'name': 'Смартфоны', 'description': 'Смартфоны, как средство не только коммуникации, но и получение дополнительных функций для удобства жизни', 'products': [<src.product.Product object at 0x000002C40C5A41D0>, <src.product.Product object at 0x000002C40C5A4650>, <src.product.Product object at 0x000002C40C59CD60>]}
2026-06-17 17:31:27,887 - utils - create_category_from_json - DEBUG - Делай три - fin = [<src.category.Category object at 0x000002C40C578550>]
2026-06-17 17:31:27,887 - utils - create_category_from_json - DEBUG - Делай ноль - green = {'name': '55" QLED 4K', 'description': 'Фоновая подсветка', 'price': 123000.0, 'quantity': 7}
2026-06-17 17:31:27,888 - utils - create_category_from_json - DEBUG - Делай один - products = [<src.product.Product object at 0x000002C40C59CE10>]
2026-06-17 17:31:27,888 - utils - create_category_from_json - DEBUG - Делай два - red = {'name': 'Телевизоры', 'description': 'Современный телевизор, который позволяет наслаждаться просмотром, станет вашим другом и помощником', 'products': [<src.product.Product object at 0x000002C40C59CE10>]}
2026-06-17 17:31:27,888 - utils - create_category_from_json - DEBUG - Делай три - fin = [<src.category.Category object at 0x000002C40C578550>, <src.category.Category object at 0x000002C40C5AC140>]
2026-06-17 17:31:27,888 - utils - create_category_from_json - DEBUG - Делай четыре - fin = [<src.category.Category object at 0x000002C40C578550>, <src.category.Category object at 0x000002C40C5AC140>]
2026-06-17 17:32:35,580 - utils - create_category_from_json - DEBUG - Делай ноль - green = {'name': 'Samsung Galaxy C23 Ultra', 'description': '256GB, Серый цвет, 200MP камера', 'price': 180000.0, 'quantity': 5}
2026-06-17 17:32:35,580 - utils - create_category_from_json - DEBUG - Делай один - products = [<src.product.Product object at 0x000002895C0B81D0>]
2026-06-17 17:32:35,580 - utils - create_category_from_json - DEBUG - Делай два - red = {'name': 'Смартфоны', 'description': 'Смартфоны, как средство не только коммуникации, но и получение дополнительных функций для удобства жизни', 'products': [<src.product.Product object at 0x000002895C0B81D0>]}
2026-06-17 17:32:35,580 - utils - create_category_from_json - DEBUG - Делай ноль - green = {'name': 'Iphone 15', 'description': '512GB, Gray space', 'price': 210000.0, 'quantity': 8}
2026-06-17 17:32:35,580 - utils - create_category_from_json - DEBUG - Делай один - products = [<src.product.Product object at 0x000002895C0B81D0>, <src.product.Product object at 0x000002895C0B8710>]
2026-06-17 17:32:35,580 - utils - create_category_from_json - DEBUG - Делай два - red = {'name': 'Смартфоны', 'description': 'Смартфоны, как средство не только коммуникации, но и получение дополнительных функций для удобства жизни', 'products': [<src.product.Product object at 0x000002895C0B81D0>, <src.product.Product object at 0x000002895C0B8710>]}
2026-06-17 17:32:35,580 - utils - create_category_from_json - DEBUG - Делай ноль - green = {'name': 'Xiaomi Redmi Note 11', 'description': '1024GB, Синий', 'price': 31000.0, 'quantity': 14}
2026-06-17 17:32:35,580 - utils - create_category_from_json - DEBUG - Делай один - products = [<src.product.Product object at 0x000002895C0B81D0>, <src.product.Product object at 0x000002895C0B8710>, <src.product.Product object at 0x000002895C0BCE10>]
2026-06-17 17:32:35,580 - utils - create_category_from_json - DEBUG - Делай два - red = {'name': 'Смартфоны', 'description': 'Смартфоны, как средство не только коммуникации, но и получение дополнительных функций для удобства жизни', 'products': [<src.product.Product object at 0x000002895C0B81D0>, <src.product.Product object at 0x000002895C0B8710>, <src.product.Product object at 0x000002895C0BCE10>]}
2026-06-17 17:32:35,580 - utils - create_category_from_json - DEBUG - Делай три - fin = [<src.category.Category object at 0x000002895C088550>]
2026-06-17 17:32:35,580 - utils - create_category_from_json - DEBUG - Делай ноль - green = {'name': '55" QLED 4K', 'description': 'Фоновая подсветка', 'price': 123000.0, 'quantity': 7}
2026-06-17 17:32:35,580 - utils - create_category_from_json - DEBUG - Делай один - products = [<src.product.Product object at 0x000002895C0BCEC0>]
2026-06-17 17:32:35,580 - utils - create_category_from_json - DEBUG - Делай два - red = {'name': 'Телевизоры', 'description': 'Современный телевизор, который позволяет наслаждаться просмотром, станет вашим другом и помощником', 'products': [<src.product.Product object at 0x000002895C0BCEC0>]}
2026-06-17 17:32:35,580 - utils - create_category_from_json - DEBUG - Делай три - fin = [<src.category.Category object at 0x000002895C088550>, <src.category.Category object at 0x000002895C0A4140>]
2026-06-17 17:32:35,580 - utils - create_category_from_json - DEBUG - Делай четыре - fin = [<src.category.Category object at 0x000002895C088550>, <src.category.Category object at 0x000002895C0A4140>]
2026-06-17 17:33:57,055 - utils - create_category_from_json - DEBUG - Делай ноль - green = {'name': 'Samsung Galaxy C23 Ultra', 'description': '256GB, Серый цвет, 200MP камера', 'price': 180000.0, 'quantity': 5}
2026-06-17 17:33:57,055 - utils - create_category_from_json - DEBUG - Делай один - products = [<src.product.Product object at 0x0000021D5DA7A0D0>]
2026-06-17 17:33:57,056 - utils - create_category_from_json - DEBUG - Делай два - red = {'name': 'Смартфоны', 'description': 'Смартфоны, как средство не только коммуникации, но и получение дополнительных функций для удобства жизни', 'products': [<src.product.Product object at 0x0000021D5DA7A0D0>]}
2026-06-17 17:33:57,056 - utils - create_category_from_json - DEBUG - Делай ноль - green = {'name': 'Iphone 15', 'description': '512GB, Gray space', 'price': 210000.0, 'quantity': 8}
2026-06-17 17:33:57,056 - utils - create_category_from_json - DEBUG - Делай один - products = [<src.product.Product object at 0x0000021D5DA7A0D0>, <src.product.Product object at 0x0000021D5DB107D0>]
2026-06-17 17:33:57,056 - utils - create_category_from_json - DEBUG - Делай два - red = {'name': 'Смартфоны', 'description': 'Смартфоны, как средство не только коммуникации, но и получение дополнительных функций для удобства жизни', 'products': [<src.product.Product object at 0x0000021D5DA7A0D0>, <src.product.Product object at 0x0000021D5DB107D0>]}
2026-06-17 17:33:57,056 - utils - create_category_from_json - DEBUG - Делай ноль - green = {'name': 'Xiaomi Redmi Note 11', 'description': '1024GB, Синий', 'price': 31000.0, 'quantity': 14}
2026-06-17 17:33:57,056 - utils - create_category_from_json - DEBUG - Делай один - products = [<src.product.Product object at 0x0000021D5DA7A0D0>, <src.product.Product object at 0x0000021D5DB107D0>, <src.product.Product object at 0x0000021D5DB10890>]
2026-06-17 17:33:57,056 - utils - create_category_from_json - DEBUG - Делай два - red = {'name': 'Смартфоны', 'description': 'Смартфоны, как средство не только коммуникации, но и получение дополнительных функций для удобства жизни', 'products': [<src.product.Product object at 0x0000021D5DA7A0D0>, <src.product.Product object at 0x0000021D5DB107D0>, <src.product.Product object at 0x0000021D5DB10890>]}
2026-06-17 17:33:57,056 - utils - create_category_from_json - DEBUG - Делай три - fin = [<src.category.Category object at 0x0000021D5DAD8150>]
2026-06-17 17:33:57,056 - utils - create_category_from_json - DEBUG - Делай ноль - green = {'name': '55" QLED 4K', 'description': 'Фоновая подсветка', 'price': 123000.0, 'quantity': 7}
2026-06-17 17:33:57,056 - utils - create_category_from_json - DEBUG - Делай один - products = [<src.product.Product object at 0x0000021D5DAFC730>]
2026-06-17 17:33:57,056 - utils - create_category_from_json - DEBUG - Делай два - red = {'name': 'Телевизоры', 'description': 'Современный телевизор, который позволяет наслаждаться просмотром, станет вашим другом и помощником', 'products': [<src.product.Product object at 0x0000021D5DAFC730>]}
2026-06-17 17:33:57,056 - utils - create_category_from_json - DEBUG - Делай три - fin = [<src.category.Category object at 0x0000021D5DAD8150>, <src.category.Category object at 0x0000021D5DB0C140>]
2026-06-17 17:33:57,056 - utils - create_category_from_json - DEBUG - Делай четыре - fin = [<src.category.Category object at 0x0000021D5DAD8150>, <src.category.Category object at 0x0000021D5DB0C140>]
2026-06-17 17:34:09,022 - utils - create_category_from_json - DEBUG - Делай ноль - green = {'name': 'Samsung Galaxy C23 Ultra', 'description': '256GB, Серый цвет, 200MP камера', 'price': 180000.0, 'quantity': 5}
2026-06-17 17:34:09,022 - utils - create_category_from_json - DEBUG - Делай один - products = [<src.product.Product object at 0x00000230F0255570>]
2026-06-17 17:34:09,022 - utils - create_category_from_json - DEBUG - Делай два - red = {'name': 'Смартфоны', 'description': 'Смартфоны, как средство не только коммуникации, но и получение дополнительных функций для удобства жизни', 'products': [<src.product.Product object at 0x00000230F0255570>]}
2026-06-17 17:34:09,022 - utils - create_category_from_json - DEBUG - Делай ноль - green = {'name': 'Iphone 15', 'description': '512GB, Gray space', 'price': 210000.0, 'quantity': 8}
2026-06-17 17:34:09,022 - utils - create_category_from_json - DEBUG - Делай один - products = [<src.product.Product object at 0x00000230F0255570>, <src.product.Product object at 0x00000230F2195310>]
2026-06-17 17:34:09,022 - utils - create_category_from_json - DEBUG - Делай два - red = {'name': 'Смартфоны', 'description': 'Смартфоны, как средство не только коммуникации, но и получение дополнительных функций для удобства жизни', 'products': [<src.product.Product object at 0x00000230F0255570>, <src.product.Product object at 0x00000230F2195310>]}
2026-06-17 17:34:09,022 - utils - create_category_from_json - DEBUG - Делай ноль - green = {'name': 'Xiaomi Redmi Note 11', 'description': '1024GB, Синий', 'price': 31000.0, 'quantity': 14}
2026-06-17 17:34:09,022 - utils - create_category_from_json - DEBUG - Делай один - products = [<src.product.Product object at 0x00000230F0255570>, <src.product.Product object at 0x00000230F2195310>, <src.product.Product object at 0x00000230F21953D0>]
2026-06-17 17:34:09,022 - utils - create_category_from_json - DEBUG - Делай два - red = {'name': 'Смартфоны', 'description': 'Смартфоны, как средство не только коммуникации, но и получение дополнительных функций для удобства жизни', 'products': [<src.product.Product object at 0x00000230F0255570>, <src.product.Product object at 0x00000230F2195310>, <src.product.Product object at 0x00000230F21953D0>]}
2026-06-17 17:34:09,022 - utils - create_category_from_json - DEBUG - Делай три - fin = [<src.category.Category object at 0x00000230F21D5150>]
2026-06-17 17:34:09,022 - utils - create_category_from_json - DEBUG - Делай ноль - green = {'name': '55" QLED 4K', 'description': 'Фоновая подсветка', 'price': 123000.0, 'quantity': 7}
2026-06-17 17:34:09,022 - utils - create_category_from_json - DEBUG - Делай один - products = [<src.product.Product object at 0x00000230F21E3A10>]
2026-06-17 17:34:09,022 - utils - create_category_from_json - DEBUG - Делай два - red = {'name': 'Телевизоры', 'description': 'Современный телевизор, который позволяет наслаждаться просмотром, станет вашим другом и помощником', 'products': [<src.product.Product object at 0x00000230F21E3A10>]}
2026-06-17 17:34:09,022 - utils - create_category_from_json - DEBUG - Делай три - fin = [<src.category.Category object at 0x00000230F21D5150>, <src.category.Category object at 0x00000230F2143890>]
2026-06-17 17:34:09,022 - utils - create_category_from_json - DEBUG - Делай четыре - fin = [<src.category.Category object at 0x00000230F21D5150>, <src.category.Category object at 0x00000230F2143890>]
2026-06-17 17:36:00,629 - utils - create_category_from_json - DEBUG - Делай ноль - green = {'name': 'Samsung Galaxy C23 Ultra', 'description': '256GB, Серый цвет, 200MP камера', 'price': 180000.0, 'quantity': 5}
2026-06-17 17:36:00,629 - utils - create_category_from_json - DEBUG - Делай один - products = [<src.product.Product object at 0x000001BF515893D0>]
2026-06-17 17:36:00,630 - utils - create_category_from_json - DEBUG - Делай два - red = {'name': 'Смартфоны', 'description': 'Смартфоны, как средство не только коммуникации, но и получение дополнительных функций для удобства жизни', 'products': [<src.product.Product object at 0x000001BF515893D0>]}
2026-06-17 17:36:00,630 - utils - create_category_from_json - DEBUG - Делай ноль - green = {'name': 'Iphone 15', 'description': '512GB, Gray space', 'price': 210000.0, 'quantity': 8}
2026-06-17 17:36:00,630 - utils - create_category_from_json - DEBUG - Делай один - products = [<src.product.Product object at 0x000001BF515893D0>, <src.product.Product object at 0x000001BF515EC650>]
2026-06-17 17:36:00,630 - utils - create_category_from_json - DEBUG - Делай два - red = {'name': 'Смартфоны', 'description': 'Смартфоны, как средство не только коммуникации, но и получение дополнительных функций для удобства жизни', 'products': [<src.product.Product object at 0x000001BF515893D0>, <src.product.Product object at 0x000001BF515EC650>]}
2026-06-17 17:36:00,630 - utils - create_category_from_json - DEBUG - Делай ноль - green = {'name': 'Xiaomi Redmi Note 11', 'description': '1024GB, Синий', 'price': 31000.0, 'quantity': 14}
2026-06-17 17:36:00,630 - utils - create_category_from_json - DEBUG - Делай один - products = [<src.product.Product object at 0x000001BF515893D0>, <src.product.Product object at 0x000001BF515EC650>, <src.product.Product object at 0x000001BF515EC710>]
2026-06-17 17:36:00,630 - utils - create_category_from_json - DEBUG - Делай два - red = {'name': 'Смартфоны', 'description': 'Смартфоны, как средство не только коммуникации, но и получение дополнительных функций для удобства жизни', 'products': [<src.product.Product object at 0x000001BF515893D0>, <src.product.Product object at 0x000001BF515EC650>, <src.product.Product object at 0x000001BF515EC710>]}
2026-06-17 17:36:00,630 - utils - create_category_from_json - DEBUG - Делай три - fin = [<src.category.Category object at 0x000001BF515F4150>]
2026-06-17 17:36:00,630 - utils - create_category_from_json - DEBUG - Делай ноль - green = {'name': '55" QLED 4K', 'description': 'Фоновая подсветка', 'price': 123000.0, 'quantity': 7}
2026-06-17 17:36:00,630 - utils - create_category_from_json - DEBUG - Делай один - products = [<src.product.Product object at 0x000001BF51608730>]
2026-06-17 17:36:00,630 - utils - create_category_from_json - DEBUG - Делай два - red = {'name': 'Телевизоры', 'description': 'Современный телевизор, который позволяет наслаждаться просмотром, станет вашим другом и помощником', 'products': [<src.product.Product object at 0x000001BF51608730>]}
2026-06-17 17:36:00,630 - utils - create_category_from_json - DEBUG - Делай три - fin = [<src.category.Category object at 0x000001BF515F4150>, <src.category.Category object at 0x000001BF51614140>]
2026-06-17 17:36:00,630 - utils - create_category_from_json - DEBUG - Делай четыре - fin = [<src.category.Category object at 0x000001BF515F4150>, <src.category.Category object at 0x000001BF51614140>]
2026-06-17 17:59:27,296 - utils - create_category_from_json - DEBUG - Делай ноль - green = {'name': 'Samsung Galaxy C23 Ultra', 'description': '256GB, Серый цвет, 200MP камера', 'price': 180000.0, 'quantity': 5}
2026-06-17 17:59:27,296 - utils - create_category_from_json - DEBUG - Делай один - products = [<src.product.Product object at 0x000001A149E8A8F0>]
2026-06-17 17:59:27,296 - utils - create_category_from_json - DEBUG - Делай два - red = {'name': 'Смартфоны', 'description': 'Смартфоны, как средство не только коммуникации, но и получение дополнительных функций для удобства жизни', 'products': [<src.product.Product object at 0x000001A149E8A8F0>]}
2026-06-17 17:59:27,296 - utils - create_category_from_json - DEBUG - Делай ноль - green = {'name': 'Iphone 15', 'description': '512GB, Gray space', 'price': 210000.0, 'quantity': 8}
2026-06-17 17:59:27,296 - utils - create_category_from_json - DEBUG - Делай один - products = [<src.product.Product object at 0x000001A149E8A8F0>, <src.product.Product object at 0x000001A149EC8110>]
2026-06-17 17:59:27,296 - utils - create_category_from_json - DEBUG - Делай два - red = {'name': 'Смартфоны', 'description': 'Смартфоны, как средство не только коммуникации, но и получение дополнительных функций для удобства жизни', 'products': [<src.product.Product object at 0x000001A149E8A8F0>, <src.product.Product object at 0x000001A149EC8110>]}
2026-06-17 17:59:27,296 - utils - create_category_from_json - DEBUG - Делай ноль - green = {'name': 'Xiaomi Redmi Note 11', 'description': '1024GB, Синий', 'price': 31000.0, 'quantity': 14}
2026-06-17 17:59:27,297 - utils - create_category_from_json - DEBUG - Делай один - products = [<src.product.Product object at 0x000001A149E8A8F0>, <src.product.Product object at 0x000001A149EC8110>, <src.product.Product object at 0x000001A149EC9010>]
2026-06-17 17:59:27,297 - utils - create_category_from_json - DEBUG - Делай два - red = {'name': 'Смартфоны', 'description': 'Смартфоны, как средство не только коммуникации, но и получение дополнительных функций для удобства жизни', 'products': [<src.product.Product object at 0x000001A149E8A8F0>, <src.product.Product object at 0x000001A149EC8110>, <src.product.Product object at 0x000001A149EC9010>]}
2026-06-17 17:59:27,297 - utils - create_category_from_json - DEBUG - Делай три - fin = [<src.category.Category object at 0x000001A149E327A0>]
2026-06-17 17:59:27,297 - utils - create_category_from_json - DEBUG - Делай ноль - green = {'name': '55" QLED 4K', 'description': 'Фоновая подсветка', 'price': 123000.0, 'quantity': 7}
2026-06-17 17:59:27,297 - utils - create_category_from_json - DEBUG - Делай один - products = [<src.product.Product object at 0x000001A149EE6570>]
2026-06-17 17:59:27,297 - utils - create_category_from_json - DEBUG - Делай два - red = {'name': 'Телевизоры', 'description': 'Современный телевизор, который позволяет наслаждаться просмотром, станет вашим другом и помощником', 'products': [<src.product.Product object at 0x000001A149EE6570>]}
2026-06-17 17:59:27,297 - utils - create_category_from_json - DEBUG - Делай три - fin = [<src.category.Category object at 0x000001A149E327A0>, <src.category.Category object at 0x000001A149EB5050>]
2026-06-17 17:59:27,297 - utils - create_category_from_json - DEBUG - Делай четыре - fin = [<src.category.Category object at 0x000001A149E327A0>, <src.category.Category object at 0x000001A149EB5050>]
2026-06-17 18:00:29,118 - utils - create_category_from_json - DEBUG - Делай ноль - green = {'name': 'Samsung Galaxy C23 Ultra', 'description': '256GB, Серый цвет, 200MP камера', 'price': 180000.0, 'quantity': 5}
2026-06-17 18:00:29,118 - utils - create_category_from_json - DEBUG - Делай один - products = [<src.product.Product object at 0x0000025736D34600>]
2026-06-17 18:00:29,118 - utils - create_category_from_json - DEBUG - Делай два - red = {'name': 'Смартфоны', 'description': 'Смартфоны, как средство не только коммуникации, но и получение дополнительных функций для удобства жизни', 'products': [<src.product.Product object at 0x0000025736D34600>]}
2026-06-17 18:00:29,118 - utils - create_category_from_json - DEBUG - Делай ноль - green = {'name': 'Iphone 15', 'description': '512GB, Gray space', 'price': 210000.0, 'quantity': 8}
2026-06-17 18:00:29,118 - utils - create_category_from_json - DEBUG - Делай один - products = [<src.product.Product object at 0x0000025736D34600>, <src.product.Product object at 0x0000025736D60110>]
2026-06-17 18:00:29,118 - utils - create_category_from_json - DEBUG - Делай два - red = {'name': 'Смартфоны', 'description': 'Смартфоны, как средство не только коммуникации, но и получение дополнительных функций для удобства жизни', 'products': [<src.product.Product object at 0x0000025736D34600>, <src.product.Product object at 0x0000025736D60110>]}
2026-06-17 18:00:29,118 - utils - create_category_from_json - DEBUG - Делай ноль - green = {'name': 'Xiaomi Redmi Note 11', 'description': '1024GB, Синий', 'price': 31000.0, 'quantity': 14}
2026-06-17 18:00:29,118 - utils - create_category_from_json - DEBUG - Делай один - products = [<src.product.Product object at 0x0000025736D34600>, <src.product.Product object at 0x0000025736D60110>, <src.product.Product object at 0x0000025736D61010>]
2026-06-17 18:00:29,118 - utils - create_category_from_json - DEBUG - Делай два - red = {'name': 'Смартфоны', 'description': 'Смартфоны, как средство не только коммуникации, но и получение дополнительных функций для удобства жизни', 'products': [<src.product.Product object at 0x0000025736D34600>, <src.product.Product object at 0x0000025736D60110>, <src.product.Product object at 0x0000025736D61010>]}
2026-06-17 18:00:29,118 - utils - create_category_from_json - DEBUG - Делай три - fin = [<src.category.Category object at 0x0000025736CE27A0>]
2026-06-17 18:00:29,118 - utils - create_category_from_json - DEBUG - Делай ноль - green = {'name': '55" QLED 4K', 'description': 'Фоновая подсветка', 'price': 123000.0, 'quantity': 7}
2026-06-17 18:00:29,118 - utils - create_category_from_json - DEBUG - Делай один - products = [<src.product.Product object at 0x0000025736D96570>]
2026-06-17 18:00:29,118 - utils - create_category_from_json - DEBUG - Делай два - red = {'name': 'Телевизоры', 'description': 'Современный телевизор, который позволяет наслаждаться просмотром, станет вашим другом и помощником', 'products': [<src.product.Product object at 0x0000025736D96570>]}
2026-06-17 18:00:29,118 - utils - create_category_from_json - DEBUG - Делай три - fin = [<src.category.Category object at 0x0000025736CE27A0>, <src.category.Category object at 0x0000025736D38F50>]
2026-06-17 18:00:29,119 - utils - create_category_from_json - DEBUG - Делай четыре - fin = [<src.category.Category object at 0x0000025736CE27A0>, <src.category.Category object at 0x0000025736D38F50>]
2026-06-17 18:01:08,608 - utils - create_category_from_json - DEBUG - Делай ноль - green = {'name': 'Samsung Galaxy C23 Ultra', 'description': '256GB, Серый цвет, 200MP камера', 'price': 180000.0, 'quantity': 5}
2026-06-17 18:01:08,608 - utils - create_category_from_json - DEBUG - Делай один - products = [<src.product.Product object at 0x000002310D7B9570>]
2026-06-17 18:01:08,608 - utils - create_category_from_json - DEBUG - Делай два - red = {'name': 'Смартфоны', 'description': 'Смартфоны, как средство не только коммуникации, но и получение дополнительных функций для удобства жизни', 'products': [<src.product.Product object at 0x000002310D7B9570>]}
2026-06-17 18:01:08,608 - utils - create_category_from_json - DEBUG - Делай ноль - green = {'name': 'Iphone 15', 'description': '512GB, Gray space', 'price': 210000.0, 'quantity': 8}
2026-06-17 18:01:08,608 - utils - create_category_from_json - DEBUG - Делай один - products = [<src.product.Product object at 0x000002310D7B9570>, <src.product.Product object at 0x000002310D840590>]
2026-06-17 18:01:08,608 - utils - create_category_from_json - DEBUG - Делай два - red = {'name': 'Смартфоны', 'description': 'Смартфоны, как средство не только коммуникации, но и получение дополнительных функций для удобства жизни', 'products': [<src.product.Product object at 0x000002310D7B9570>, <src.product.Product object at 0x000002310D840590>]}
2026-06-17 18:01:08,608 - utils - create_category_from_json - DEBUG - Делай ноль - green = {'name': 'Xiaomi Redmi Note 11', 'description': '1024GB, Синий', 'price': 31000.0, 'quantity': 14}
2026-06-17 18:01:08,608 - utils - create_category_from_json - DEBUG - Делай один - products = [<src.product.Product object at 0x000002310D7B9570>, <src.product.Product object at 0x000002310D840590>, <src.product.Product object at 0x000002310D840650>]
2026-06-17 18:01:08,608 - utils - create_category_from_json - DEBUG - Делай два - red = {'name': 'Смартфоны', 'description': 'Смартфоны, как средство не только коммуникации, но и получение дополнительных функций для удобства жизни', 'products': [<src.product.Product object at 0x000002310D7B9570>, <src.product.Product object at 0x000002310D840590>, <src.product.Product object at 0x000002310D840650>]}
2026-06-17 18:01:08,608 - utils - create_category_from_json - DEBUG - Делай три - fin = [<src.category.Category object at 0x000002310D7C2470>]
2026-06-17 18:01:08,608 - utils - create_category_from_json - DEBUG - Делай ноль - green = {'name': '55" QLED 4K', 'description': 'Фоновая подсветка', 'price': 123000.0, 'quantity': 7}
2026-06-17 18:01:08,608 - utils - create_category_from_json - DEBUG - Делай один - products = [<src.product.Product object at 0x000002310D834730>]
2026-06-17 18:01:08,608 - utils - create_category_from_json - DEBUG - Делай два - red = {'name': 'Телевизоры', 'description': 'Современный телевизор, который позволяет наслаждаться просмотром, станет вашим другом и помощником', 'products': [<src.product.Product object at 0x000002310D834730>]}
2026-06-17 18:01:08,608 - utils - create_category_from_json - DEBUG - Делай три - fin = [<src.category.Category object at 0x000002310D7C2470>, <src.category.Category object at 0x000002310D75BA50>]
2026-06-17 18:01:08,608 - utils - create_category_from_json - DEBUG - Делай четыре - fin = [<src.category.Category object at 0x000002310D7C2470>, <src.category.Category object at 0x000002310D75BA50>]
2026-06-17 18:01:35,165 - utils - create_category_from_json - DEBUG - Делай ноль - green = {'name': 'Samsung Galaxy C23 Ultra', 'description': '256GB, Серый цвет, 200MP камера', 'price': 180000.0, 'quantity': 5}
2026-06-17 18:01:35,165 - utils - create_category_from_json - DEBUG - Делай один - products = [<src.product.Product object at 0x0000017B97CB7110>]
2026-06-17 18:01:35,165 - utils - create_category_from_json - DEBUG - Делай два - red = {'name': 'Смартфоны', 'description': 'Смартфоны, как средство не только коммуникации, но и получение дополнительных функций для удобства жизни', 'products': [<src.product.Product object at 0x0000017B97CB7110>]}
2026-06-17 18:01:35,165 - utils - create_category_from_json - DEBUG - Делай ноль - green = {'name': 'Iphone 15', 'description': '512GB, Gray space', 'price': 210000.0, 'quantity': 8}
2026-06-17 18:01:35,165 - utils - create_category_from_json - DEBUG - Делай один - products = [<src.product.Product object at 0x0000017B97CB7110>, <src.product.Product object at 0x0000017B99C81250>]
2026-06-17 18:01:35,165 - utils - create_category_from_json - DEBUG - Делай два - red = {'name': 'Смартфоны', 'description': 'Смартфоны, как средство не только коммуникации, но и получение дополнительных функций для удобства жизни', 'products': [<src.product.Product object at 0x0000017B97CB7110>, <src.product.Product object at 0x0000017B99C81250>]}
2026-06-17 18:01:35,165 - utils - create_category_from_json - DEBUG - Делай ноль - green = {'name': 'Xiaomi Redmi Note 11', 'description': '1024GB, Синий', 'price': 31000.0, 'quantity': 14}
2026-06-17 18:01:35,165 - utils - create_category_from_json - DEBUG - Делай один - products = [<src.product.Product object at 0x0000017B97CB7110>, <src.product.Product object at 0x0000017B99C81250>, <src.product.Product object at 0x0000017B99C81310>]
2026-06-17 18:01:35,165 - utils - create_category_from_json - DEBUG - Делай два - red = {'name': 'Смартфоны', 'description': 'Смартфоны, как средство не только коммуникации, но и получение дополнительных функций для удобства жизни', 'products': [<src.product.Product object at 0x0000017B97CB7110>, <src.product.Product object at 0x0000017B99C81250>, <src.product.Product object at 0x0000017B99C81310>]}
2026-06-17 18:01:35,165 - utils - create_category_from_json - DEBUG - Делай три - fin = [<src.category.Category object at 0x0000017B99C3FAC0>]
2026-06-17 18:01:35,165 - utils - create_category_from_json - DEBUG - Делай ноль - green = {'name': '55" QLED 4K', 'description': 'Фоновая подсветка', 'price': 123000.0, 'quantity': 7}
2026-06-17 18:01:35,165 - utils - create_category_from_json - DEBUG - Делай один - products = [<src.product.Product object at 0x0000017B99CDB8B0>]
2026-06-17 18:01:35,165 - utils - create_category_from_json - DEBUG - Делай два - red = {'name': 'Телевизоры', 'description': 'Современный телевизор, который позволяет наслаждаться просмотром, станет вашим другом и помощником', 'products': [<src.product.Product object at 0x0000017B99CDB8B0>]}
2026-06-17 18:01:35,165 - utils - create_category_from_json - DEBUG - Делай три - fin = [<src.category.Category object at 0x0000017B99C3FAC0>, <src.category.Category object at 0x0000017B99CC4A50>]
2026-06-17 18:01:35,165 - utils - create_category_from_json - DEBUG - Делай четыре - fin = [<src.category.Category object at 0x0000017B99C3FAC0>, <src.category.Category object at 0x0000017B99CC4A50>]
2026-06-17 18:15:03,708 - utils - create_category_from_json - DEBUG - Делай ноль - green = {'name': 'Samsung Galaxy C23 Ultra', 'description': '256GB, Серый цвет, 200MP камера', 'price': 180000.0, 'quantity': 5}
2026-06-17 18:15:03,709 - utils - create_category_from_json - DEBUG - Делай один - products = [<src.product.Product object at 0x00000220875E5570>]
2026-06-17 18:15:03,709 - utils - create_category_from_json - DEBUG - Делай два - red = {'name': 'Смартфоны', 'description': 'Смартфоны, как средство не только коммуникации, но и получение дополнительных функций для удобства жизни', 'products': [<src.product.Product object at 0x00000220875E5570>]}
2026-06-17 18:15:03,709 - utils - create_category_from_json - DEBUG - Делай ноль - green = {'name': 'Iphone 15', 'description': '512GB, Gray space', 'price': 210000.0, 'quantity': 8}
2026-06-17 18:15:03,709 - utils - create_category_from_json - DEBUG - Делай один - products = [<src.product.Product object at 0x00000220875E5570>, <src.product.Product object at 0x0000022089541310>]
2026-06-17 18:15:03,709 - utils - create_category_from_json - DEBUG - Делай два - red = {'name': 'Смартфоны', 'description': 'Смартфоны, как средство не только коммуникации, но и получение дополнительных функций для удобства жизни', 'products': [<src.product.Product object at 0x00000220875E5570>, <src.product.Product object at 0x0000022089541310>]}
2026-06-17 18:15:03,709 - utils - create_category_from_json - DEBUG - Делай ноль - green = {'name': 'Xiaomi Redmi Note 11', 'description': '1024GB, Синий', 'price': 31000.0, 'quantity': 14}
2026-06-17 18:15:03,709 - utils - create_category_from_json - DEBUG - Делай один - products = [<src.product.Product object at 0x00000220875E5570>, <src.product.Product object at 0x0000022089541310>, <src.product.Product object at 0x00000220895413D0>]
2026-06-17 18:15:03,709 - utils - create_category_from_json - DEBUG - Делай два - red = {'name': 'Смартфоны', 'description': 'Смартфоны, как средство не только коммуникации, но и получение дополнительных функций для удобства жизни', 'products': [<src.product.Product object at 0x00000220875E5570>, <src.product.Product object at 0x0000022089541310>, <src.product.Product object at 0x00000220895413D0>]}
2026-06-17 18:15:03,709 - utils - create_category_from_json - DEBUG - Делай три - fin = [<src.category.Category object at 0x00000220894FBAC0>]
2026-06-17 18:15:03,709 - utils - create_category_from_json - DEBUG - Делай ноль - green = {'name': '55" QLED 4K', 'description': 'Фоновая подсветка', 'price': 123000.0, 'quantity': 7}
2026-06-17 18:15:03,709 - utils - create_category_from_json - DEBUG - Делай один - products = [<src.product.Product object at 0x0000022089593960>]
2026-06-17 18:15:03,709 - utils - create_category_from_json - DEBUG - Делай два - red = {'name': 'Телевизоры', 'description': 'Современный телевизор, который позволяет наслаждаться просмотром, станет вашим другом и помощником', 'products': [<src.product.Product object at 0x0000022089593960>]}
2026-06-17 18:15:03,709 - utils - create_category_from_json - DEBUG - Делай три - fin = [<src.category.Category object at 0x00000220894FBAC0>, <src.category.Category object at 0x0000022089584A50>]
2026-06-17 18:15:03,709 - utils - create_category_from_json - DEBUG - Делай четыре - fin = [<src.category.Category object at 0x00000220894FBAC0>, <src.category.Category object at 0x0000022089584A50>]
2026-06-19 09:21:46,804 - utils - create_category_from_json - DEBUG - Делай ноль - green = {'name': 'Samsung Galaxy C23 Ultra', 'description': '256GB, Серый цвет, 200MP камера', 'price': 180000.0, 'quantity': 5}
2026-06-19 09:21:46,804 - utils - create_category_from_json - DEBUG - Делай один - products = [<src.product.Product object at 0x000001C6C25DB040>]
2026-06-19 09:21:46,804 - utils - create_category_from_json - DEBUG - Делай два - red = {'name': 'Смартфоны', 'description': 'Смартфоны, как средство не только коммуникации, но и получение дополнительных функций для удобства жизни', 'products': [<src.product.Product object at 0x000001C6C25DB040>]}
2026-06-19 09:21:46,804 - utils - create_category_from_json - DEBUG - Делай ноль - green = {'name': 'Iphone 15', 'description': '512GB, Gray space', 'price': 210000.0, 'quantity': 8}
2026-06-19 09:21:46,804 - utils - create_category_from_json - DEBUG - Делай один - products = [<src.product.Product object at 0x000001C6C25DB040>, <src.product.Product object at 0x000001C6C2641850>]
2026-06-19 09:21:46,804 - utils - create_category_from_json - DEBUG - Делай два - red = {'name': 'Смартфоны', 'description': 'Смартфоны, как средство не только коммуникации, но и получение дополнительных функций для удобства жизни', 'products': [<src.product.Product object at 0x000001C6C25DB040>, <src.product.Product object at 0x000001C6C2641850>]}
2026-06-19 09:21:46,804 - utils - create_category_from_json - DEBUG - Делай ноль - green = {'name': 'Xiaomi Redmi Note 11', 'description': '1024GB, Синий', 'price': 31000.0, 'quantity': 14}
2026-06-19 09:21:46,804 - utils - create_category_from_json - DEBUG - Делай один - products = [<src.product.Product object at 0x000001C6C25DB040>, <src.product.Product object at 0x000001C6C2641850>, <src.product.Product object at 0x000001C6C2641910>]
2026-06-19 09:21:46,804 - utils - create_category_from_json - DEBUG - Делай два - red = {'name': 'Смартфоны', 'description': 'Смартфоны, как средство не только коммуникации, но и получение дополнительных функций для удобства жизни', 'products': [<src.product.Product object at 0x000001C6C25DB040>, <src.product.Product object at 0x000001C6C2641850>, <src.product.Product object at 0x000001C6C2641910>]}
2026-06-19 09:21:46,804 - utils - create_category_from_json - DEBUG - Делай три - fin = [<src.category.Category object at 0x000001C6C25E3790>]
2026-06-19 09:21:46,804 - utils - create_category_from_json - DEBUG - Делай ноль - green = {'name': '55" QLED 4K', 'description': 'Фоновая подсветка', 'price': 123000.0, 'quantity': 7}
2026-06-19 09:21:46,804 - utils - create_category_from_json - DEBUG - Делай один - products = [<src.product.Product object at 0x000001C6C2677120>]
2026-06-19 09:21:46,804 - utils - create_category_from_json - DEBUG - Делай два - red = {'name': 'Телевизоры', 'description': 'Современный телевизор, который позволяет наслаждаться просмотром, станет вашим другом и помощником', 'products': [<src.product.Product object at 0x000001C6C2677120>]}
2026-06-19 09:21:46,804 - utils - create_category_from_json - DEBUG - Делай три - fin = [<src.category.Category object at 0x000001C6C25E3790>, <src.category.Category object at 0x000001C6C263A750>]
2026-06-19 09:21:46,804 - utils - create_category_from_json - DEBUG - Делай четыре - fin = [<src.category.Category object at 0x000001C6C25E3790>, <src.category.Category object at 0x000001C6C263A750>]
2026-06-19 09:27:28,042 - utils - create_category_from_json - DEBUG - Делай ноль - green = {'name': 'Samsung Galaxy C23 Ultra', 'description': '256GB, Серый цвет, 200MP камера', 'price': 180000.0, 'quantity': 5}
2026-06-19 09:27:28,042 - utils - create_category_from_json - DEBUG - Делай один - products = [<src.product.Product object at 0x00000232558E97E0>]
2026-06-19 09:27:28,042 - utils - create_category_from_json - DEBUG - Делай два - red = {'name': 'Смартфоны', 'description': 'Смартфоны, как средство не только коммуникации, но и получение дополнительных функций для удобства жизни', 'products': [<src.product.Product object at 0x00000232558E97E0>]}
2026-06-19 09:27:28,042 - utils - create_category_from_json - DEBUG - Делай ноль - green = {'name': 'Iphone 15', 'description': '512GB, Gray space', 'price': 210000.0, 'quantity': 8}
2026-06-19 09:27:28,042 - utils - create_category_from_json - DEBUG - Делай один - products = [<src.product.Product object at 0x00000232558E97E0>, <src.product.Product object at 0x0000023255991010>]
2026-06-19 09:27:28,042 - utils - create_category_from_json - DEBUG - Делай два - red = {'name': 'Смартфоны', 'description': 'Смартфоны, как средство не только коммуникации, но и получение дополнительных функций для удобства жизни', 'products': [<src.product.Product object at 0x00000232558E97E0>, <src.product.Product object at 0x0000023255991010>]}
2026-06-19 09:27:28,042 - utils - create_category_from_json - DEBUG - Делай ноль - green = {'name': 'Xiaomi Redmi Note 11', 'description': '1024GB, Синий', 'price': 31000.0, 'quantity': 14}
2026-06-19 09:27:28,042 - utils - create_category_from_json - DEBUG - Делай один - products = [<src.product.Product object at 0x00000232558E97E0>, <src.product.Product object at 0x0000023255991010>, <src.product.Product object at 0x00000232559910D0>]
2026-06-19 09:27:28,043 - utils - create_category_from_json - DEBUG - Делай два - red = {'name': 'Смартфоны', 'description': 'Смартфоны, как средство не только коммуникации, но и получение дополнительных функций для удобства жизни', 'products': [<src.product.Product object at 0x00000232558E97E0>, <src.product.Product object at 0x0000023255991010>, <src.product.Product object at 0x00000232559910D0>]}
2026-06-19 09:27:28,043 - utils - create_category_from_json - DEBUG - Делай три - fin = [<src.category.Category object at 0x00000232558F2E00>]
2026-06-19 09:27:28,043 - utils - create_category_from_json - DEBUG - Делай ноль - green = {'name': '55" QLED 4K', 'description': 'Фоновая подсветка', 'price': 123000.0, 'quantity': 7}
2026-06-19 09:27:28,043 - utils - create_category_from_json - DEBUG - Делай один - products = [<src.product.Product object at 0x00000232559DA360>]
2026-06-19 09:27:28,043 - utils - create_category_from_json - DEBUG - Делай два - red = {'name': 'Телевизоры', 'description': 'Современный телевизор, который позволяет наслаждаться просмотром, станет вашим другом и помощником', 'products': [<src.product.Product object at 0x00000232559DA360>]}
2026-06-19 09:27:28,043 - utils - create_category_from_json - DEBUG - Делай три - fin = [<src.category.Category object at 0x00000232558F2E00>, <src.category.Category object at 0x0000023255950B50>]
2026-06-19 09:27:28,043 - utils - create_category_from_json - DEBUG - Делай четыре - fin = [<src.category.Category object at 0x00000232558F2E00>, <src.category.Category object at 0x0000023255950B50>]
2026-06-19 09:28:34,478 - utils - create_category_from_json - DEBUG - Делай ноль - green = {'name': 'Samsung Galaxy C23 Ultra', 'description': '256GB, Серый цвет, 200MP камера', 'price': 180000.0, 'quantity': 5}
2026-06-19 09:28:34,478 - utils - create_category_from_json - DEBUG - Делай один - products = [<src.product.Product object at 0x000002B5F41D9BF0>]
2026-06-19 09:28:34,478 - utils - create_category_from_json - DEBUG - Делай два - red = {'name': 'Смартфоны', 'description': 'Смартфоны, как средство не только коммуникации, но и получение дополнительных функций для удобства жизни', 'products': [<src.product.Product object at 0x000002B5F41D9BF0>]}
2026-06-19 09:28:34,478 - utils - create_category_from_json - DEBUG - Делай ноль - green = {'name': 'Iphone 15', 'description': '512GB, Gray space', 'price': 210000.0, 'quantity': 8}
2026-06-19 09:28:34,478 - utils - create_category_from_json - DEBUG - Делай один - products = [<src.product.Product object at 0x000002B5F41D9BF0>, <src.product.Product object at 0x000002B5F4244590>]
2026-06-19 09:28:34,478 - utils - create_category_from_json - DEBUG - Делай два - red = {'name': 'Смартфоны', 'description': 'Смартфоны, как средство не только коммуникации, но и получение дополнительных функций для удобства жизни', 'products': [<src.product.Product object at 0x000002B5F41D9BF0>, <src.product.Product object at 0x000002B5F4244590>]}
2026-06-19 09:28:34,478 - utils - create_category_from_json - DEBUG - Делай ноль - green = {'name': 'Xiaomi Redmi Note 11', 'description': '1024GB, Синий', 'price': 31000.0, 'quantity': 14}
2026-06-19 09:28:34,478 - utils - create_category_from_json - DEBUG - Делай один - products = [<src.product.Product object at 0x000002B5F41D9BF0>, <src.product.Product object at 0x000002B5F4244590>, <src.product.Product object at 0x000002B5F42444D0>]
2026-06-19 09:28:34,478 - utils - create_category_from_json - DEBUG - Делай два - red = {'name': 'Смартфоны', 'description': 'Смартфоны, как средство не только коммуникации, но и получение дополнительных функций для удобства жизни', 'products': [<src.product.Product object at 0x000002B5F41D9BF0>, <src.product.Product object at 0x000002B5F4244590>, <src.product.Product object at 0x000002B5F42444D0>]}
2026-06-19 09:28:34,479 - utils - create_category_from_json - DEBUG - Делай три - fin = [<src.category.Category object at 0x000002B5F41E2470>]
2026-06-19 09:28:34,479 - utils - create_category_from_json - DEBUG - Делай ноль - green = {'name': '55" QLED 4K', 'description': 'Фоновая подсветка', 'price': 123000.0, 'quantity': 7}
2026-06-19 09:28:34,479 - utils - create_category_from_json - DEBUG - Делай один - products = [<src.product.Product object at 0x000002B5F42547E0>]
2026-06-19 09:28:34,479 - utils - create_category_from_json - DEBUG - Делай два - red = {'name': 'Телевизоры', 'description': 'Современный телевизор, который позволяет наслаждаться просмотром, станет вашим другом и помощником', 'products': [<src.product.Product object at 0x000002B5F42547E0>]}
2026-06-19 09:28:34,479 - utils - create_category_from_json - DEBUG - Делай три - fin = [<src.category.Category object at 0x000002B5F41E2470>, <src.category.Category object at 0x000002B5F417BA50>]
2026-06-19 09:28:34,479 - utils - create_category_from_json - DEBUG - Делай четыре - fin = [<src.category.Category object at 0x000002B5F41E2470>, <src.category.Category object at 0x000002B5F417BA50>]
2026-06-19 09:29:08,959 - utils - create_category_from_json - DEBUG - Делай ноль - green = {'name': 'Samsung Galaxy C23 Ultra', 'description': '256GB, Серый цвет, 200MP камера', 'price': 180000.0, 'quantity': 5}
2026-06-19 09:29:08,959 - utils - create_category_from_json - DEBUG - Делай один - products = [<src.product.Product object at 0x0000024E8FCC9300>]
2026-06-19 09:29:08,959 - utils - create_category_from_json - DEBUG - Делай два - red = {'name': 'Смартфоны', 'description': 'Смартфоны, как средство не только коммуникации, но и получение дополнительных функций для удобства жизни', 'products': [<src.product.Product object at 0x0000024E8FCC9300>]}
2026-06-19 09:29:08,959 - utils - create_category_from_json - DEBUG - Делай ноль - green = {'name': 'Iphone 15', 'description': '512GB, Gray space', 'price': 210000.0, 'quantity': 8}
2026-06-19 09:29:08,960 - utils - create_category_from_json - DEBUG - Делай один - products = [<src.product.Product object at 0x0000024E8FCC9300>, <src.product.Product object at 0x0000024E8FD30650>]
2026-06-19 09:29:08,960 - utils - create_category_from_json - DEBUG - Делай два - red = {'name': 'Смартфоны', 'description': 'Смартфоны, как средство не только коммуникации, но и получение дополнительных функций для удобства жизни', 'products': [<src.product.Product object at 0x0000024E8FCC9300>, <src.product.Product object at 0x0000024E8FD30650>]}
2026-06-19 09:29:08,960 - utils - create_category_from_json - DEBUG - Делай ноль - green = {'name': 'Xiaomi Redmi Note 11', 'description': '1024GB, Синий', 'price': 31000.0, 'quantity': 14}
2026-06-19 09:29:08,960 - utils - create_category_from_json - DEBUG - Делай один - products = [<src.product.Product object at 0x0000024E8FCC9300>, <src.product.Product object at 0x0000024E8FD30650>, <src.product.Product object at 0x0000024E8FD30590>]
2026-06-19 09:29:08,960 - utils - create_category_from_json - DEBUG - Делай два - red = {'name': 'Смартфоны', 'description': 'Смартфоны, как средство не только коммуникации, но и получение дополнительных функций для удобства жизни', 'products': [<src.product.Product object at 0x0000024E8FCC9300>, <src.product.Product object at 0x0000024E8FD30650>, <src.product.Product object at 0x0000024E8FD30590>]}
2026-06-19 09:29:08,960 - utils - create_category_from_json - DEBUG - Делай три - fin = [<src.category.Category object at 0x0000024E8FCD2470>]
2026-06-19 09:29:08,960 - utils - create_category_from_json - DEBUG - Делай ноль - green = {'name': '55" QLED 4K', 'description': 'Фоновая подсветка', 'price': 123000.0, 'quantity': 7}
2026-06-19 09:29:08,960 - utils - create_category_from_json - DEBUG - Делай один - products = [<src.product.Product object at 0x0000024E8FD38730>]
2026-06-19 09:29:08,960 - utils - create_category_from_json - DEBUG - Делай два - red = {'name': 'Телевизоры', 'description': 'Современный телевизор, который позволяет наслаждаться просмотром, станет вашим другом и помощником', 'products': [<src.product.Product object at 0x0000024E8FD38730>]}
2026-06-19 09:29:08,960 - utils - create_category_from_json - DEBUG - Делай три - fin = [<src.category.Category object at 0x0000024E8FCD2470>, <src.category.Category object at 0x0000024E8FC6BA50>]
2026-06-19 09:29:08,960 - utils - create_category_from_json - DEBUG - Делай четыре - fin = [<src.category.Category object at 0x0000024E8FCD2470>, <src.category.Category object at 0x0000024E8FC6BA50>]
2026-06-19 09:30:46,557 - utils - create_category_from_json - DEBUG - Делай ноль - green = {'name': 'Samsung Galaxy C23 Ultra', 'description': '256GB, Серый цвет, 200MP камера', 'price': 180000.0, 'quantity': 5}
2026-06-19 09:30:46,557 - utils - create_category_from_json - DEBUG - Делай один - products = [<src.product.Product object at 0x000002A732819B20>]
2026-06-19 09:30:46,557 - utils - create_category_from_json - DEBUG - Делай два - red = {'name': 'Смартфоны', 'description': 'Смартфоны, как средство не только коммуникации, но и получение дополнительных функций для удобства жизни', 'products': [<src.product.Product object at 0x000002A732819B20>]}
2026-06-19 09:30:46,557 - utils - create_category_from_json - DEBUG - Делай ноль - green = {'name': 'Iphone 15', 'description': '512GB, Gray space', 'price': 210000.0, 'quantity': 8}
2026-06-19 09:30:46,557 - utils - create_category_from_json - DEBUG - Делай один - products = [<src.product.Product object at 0x000002A732819B20>, <src.product.Product object at 0x000002A732880650>]
2026-06-19 09:30:46,557 - utils - create_category_from_json - DEBUG - Делай два - red = {'name': 'Смартфоны', 'description': 'Смартфоны, как средство не только коммуникации, но и получение дополнительных функций для удобства жизни', 'products': [<src.product.Product object at 0x000002A732819B20>, <src.product.Product object at 0x000002A732880650>]}
2026-06-19 09:30:46,557 - utils - create_category_from_json - DEBUG - Делай ноль - green = {'name': 'Xiaomi Redmi Note 11', 'description': '1024GB, Синий', 'price': 31000.0, 'quantity': 14}
2026-06-19 09:30:46,557 - utils - create_category_from_json - DEBUG - Делай один - products = [<src.product.Product object at 0x000002A732819B20>, <src.product.Product object at 0x000002A732880650>, <src.product.Product object at 0x000002A732880710>]
2026-06-19 09:30:46,557 - utils - create_category_from_json - DEBUG - Делай два - red = {'name': 'Смартфоны', 'description': 'Смартфоны, как средство не только коммуникации, но и получение дополнительных функций для удобства жизни', 'products': [<src.product.Product object at 0x000002A732819B20>, <src.product.Product object at 0x000002A732880650>, <src.product.Product object at 0x000002A732880710>]}
2026-06-19 09:30:46,557 - utils - create_category_from_json - DEBUG - Делай три - fin = [<src.category.Category object at 0x000002A732822470>]
2026-06-19 09:30:46,557 - utils - create_category_from_json - DEBUG - Делай ноль - green = {'name': '55" QLED 4K', 'description': 'Фоновая подсветка', 'price': 123000.0, 'quantity': 7}
2026-06-19 09:30:46,557 - utils - create_category_from_json - DEBUG - Делай один - products = [<src.product.Product object at 0x000002A7328A07E0>]
2026-06-19 09:30:46,557 - utils - create_category_from_json - DEBUG - Делай два - red = {'name': 'Телевизоры', 'description': 'Современный телевизор, который позволяет наслаждаться просмотром, станет вашим другом и помощником', 'products': [<src.product.Product object at 0x000002A7328A07E0>]}
2026-06-19 09:30:46,557 - utils - create_category_from_json - DEBUG - Делай три - fin = [<src.category.Category object at 0x000002A732822470>, <src.category.Category object at 0x000002A7327BBA50>]
2026-06-19 09:30:46,557 - utils - create_category_from_json - DEBUG - Делай четыре - fin = [<src.category.Category object at 0x000002A732822470>, <src.category.Category object at 0x000002A7327BBA50>]
2026-06-19 09:31:56,544 - utils - create_category_from_json - DEBUG - Делай ноль - green = {'name': 'Samsung Galaxy C23 Ultra', 'description': '256GB, Серый цвет, 200MP камера', 'price': 180000.0, 'quantity': 5}
2026-06-19 09:31:56,544 - utils - create_category_from_json - DEBUG - Делай один - products = [<src.product.Product object at 0x000001E7B6FB7110>]
2026-06-19 09:31:56,545 - utils - create_category_from_json - DEBUG - Делай два - red = {'name': 'Смартфоны', 'description': 'Смартфоны, как средство не только коммуникации, но и получение дополнительных функций для удобства жизни', 'products': [<src.product.Product object at 0x000001E7B6FB7110>]}
2026-06-19 09:31:56,545 - utils - create_category_from_json - DEBUG - Делай ноль - green = {'name': 'Iphone 15', 'description': '512GB, Gray space', 'price': 210000.0, 'quantity': 8}
2026-06-19 09:31:56,545 - utils - create_category_from_json - DEBUG - Делай один - products = [<src.product.Product object at 0x000001E7B6FB7110>, <src.product.Product object at 0x000001E7B8F61250>]
2026-06-19 09:31:56,545 - utils - create_category_from_json - DEBUG - Делай два - red = {'name': 'Смартфоны', 'description': 'Смартфоны, как средство не только коммуникации, но и получение дополнительных функций для удобства жизни', 'products': [<src.product.Product object at 0x000001E7B6FB7110>, <src.product.Product object at 0x000001E7B8F61250>]}
2026-06-19 09:31:56,545 - utils - create_category_from_json - DEBUG - Делай ноль - green = {'name': 'Xiaomi Redmi Note 11', 'description': '1024GB, Синий', 'price': 31000.0, 'quantity': 14}
2026-06-19 09:31:56,545 - utils - create_category_from_json - DEBUG - Делай один - products = [<src.product.Product object at 0x000001E7B6FB7110>, <src.product.Product object at 0x000001E7B8F61250>, <src.product.Product object at 0x000001E7B8F61310>]
2026-06-19 09:31:56,545 - utils - create_category_from_json - DEBUG - Делай два - red = {'name': 'Смартфоны', 'description': 'Смартфоны, как средство не только коммуникации, но и получение дополнительных функций для удобства жизни', 'products': [<src.product.Product object at 0x000001E7B6FB7110>, <src.product.Product object at 0x000001E7B8F61250>, <src.product.Product object at 0x000001E7B8F61310>]}
2026-06-19 09:31:56,545 - utils - create_category_from_json - DEBUG - Делай три - fin = [<src.category.Category object at 0x000001E7B8F1FAC0>]
2026-06-19 09:31:56,545 - utils - create_category_from_json - DEBUG - Делай ноль - green = {'name': '55" QLED 4K', 'description': 'Фоновая подсветка', 'price': 123000.0, 'quantity': 7}
2026-06-19 09:31:56,545 - utils - create_category_from_json - DEBUG - Делай один - products = [<src.product.Product object at 0x000001E7B8FBB960>]
2026-06-19 09:31:56,545 - utils - create_category_from_json - DEBUG - Делай два - red = {'name': 'Телевизоры', 'description': 'Современный телевизор, который позволяет наслаждаться просмотром, станет вашим другом и помощником', 'products': [<src.product.Product object at 0x000001E7B8FBB960>]}
2026-06-19 09:31:56,545 - utils - create_category_from_json - DEBUG - Делай три - fin = [<src.category.Category object at 0x000001E7B8F1FAC0>, <src.category.Category object at 0x000001E7B8FA4A50>]
2026-06-19 09:31:56,545 - utils - create_category_from_json - DEBUG - Делай четыре - fin = [<src.category.Category object at 0x000001E7B8F1FAC0>, <src.category.Category object at 0x000001E7B8FA4A50>]
2026-06-20 15:42:04,739 - utils - create_category_from_json - DEBUG - Делай ноль - green = {'name': 'Samsung Galaxy C23 Ultra', 'description': '256GB, Серый цвет, 200MP камера', 'price': 180000.0, 'quantity': 5}
2026-06-20 15:42:04,739 - utils - create_category_from_json - DEBUG - Делай один - products = [<src.product.Product object at 0x000002CC38FCA1A0>]
2026-06-20 15:42:04,739 - utils - create_category_from_json - DEBUG - Делай два - red = {'name': 'Смартфоны', 'description': 'Смартфоны, как средство не только коммуникации, но и получение дополнительных функций для удобства жизни', 'products': [<src.product.Product object at 0x000002CC38FCA1A0>]}
2026-06-20 15:42:04,739 - utils - create_category_from_json - DEBUG - Делай ноль - green = {'name': 'Iphone 15', 'description': '512GB, Gray space', 'price': 210000.0, 'quantity': 8}
2026-06-20 15:42:04,739 - utils - create_category_from_json - DEBUG - Делай один - products = [<src.product.Product object at 0x000002CC38FCA1A0>, <src.product.Product object at 0x000002CC3905C350>]
2026-06-20 15:42:04,739 - utils - create_category_from_json - DEBUG - Делай два - red = {'name': 'Смартфоны', 'description': 'Смартфоны, как средство не только коммуникации, но и получение дополнительных функций для удобства жизни', 'products': [<src.product.Product object at 0x000002CC38FCA1A0>, <src.product.Product object at 0x000002CC3905C350>]}
2026-06-20 15:42:04,739 - utils - create_category_from_json - DEBUG - Делай ноль - green = {'name': 'Xiaomi Redmi Note 11', 'description': '1024GB, Синий', 'price': 31000.0, 'quantity': 14}
2026-06-20 15:42:04,739 - utils - create_category_from_json - DEBUG - Делай один - products = [<src.product.Product object at 0x000002CC38FCA1A0>, <src.product.Product object at 0x000002CC3905C350>, <src.product.Product object at 0x000002CC3905C710>]
2026-06-20 15:42:04,739 - utils - create_category_from_json - DEBUG - Делай два - red = {'name': 'Смартфоны', 'description': 'Смартфоны, как средство не только коммуникации, но и получение дополнительных функций для удобства жизни', 'products': [<src.product.Product object at 0x000002CC38FCA1A0>, <src.product.Product object at 0x000002CC3905C350>, <src.product.Product object at 0x000002CC3905C710>]}
2026-06-20 15:42:04,739 - utils - create_category_from_json - DEBUG - Делай три - fin = [<src.category.Category object at 0x000002CC38FD2470>]
2026-06-20 15:42:04,739 - utils - create_category_from_json - DEBUG - Делай ноль - green = {'name': '55" QLED 4K', 'description': 'Фоновая подсветка', 'price': 123000.0, 'quantity': 7}
2026-06-20 15:42:04,739 - utils - create_category_from_json - DEBUG - Делай один - products = [<src.product.Product object at 0x000002CC39054680>]
2026-06-20 15:42:04,739 - utils - create_category_from_json - DEBUG - Делай два - red = {'name': 'Телевизоры', 'description': 'Современный телевизор, который позволяет наслаждаться просмотром, станет вашим другом и помощником', 'products': [<src.product.Product object at 0x000002CC39054680>]}
2026-06-20 15:42:04,739 - utils - create_category_from_json - DEBUG - Делай три - fin = [<src.category.Category object at 0x000002CC38FD2470>, <src.category.Category object at 0x000002CC38F6BA50>]
2026-06-20 15:42:04,739 - utils - create_category_from_json - DEBUG - Делай четыре - fin = [<src.category.Category object at 0x000002CC38FD2470>, <src.category.Category object at 0x000002CC38F6BA50>]
2026-06-20 15:45:13,619 - utils - create_category_from_json - DEBUG - Делай ноль - green = {'name': 'Samsung Galaxy C23 Ultra', 'description': '256GB, Серый цвет, 200MP камера', 'price': 180000.0, 'quantity': 5}
2026-06-20 15:45:13,619 - utils - create_category_from_json - DEBUG - Делай один - products = [<src.product.Product object at 0x000001EB7B1A9A50>]
2026-06-20 15:45:13,619 - utils - create_category_from_json - DEBUG - Делай два - red = {'name': 'Смартфоны', 'description': 'Смартфоны, как средство не только коммуникации, но и получение дополнительных функций для удобства жизни', 'products': [<src.product.Product object at 0x000001EB7B1A9A50>]}
2026-06-20 15:45:13,619 - utils - create_category_from_json - DEBUG - Делай ноль - green = {'name': 'Iphone 15', 'description': '512GB, Gray space', 'price': 210000.0, 'quantity': 8}
2026-06-20 15:45:13,620 - utils - create_category_from_json - DEBUG - Делай один - products = [<src.product.Product object at 0x000001EB7B1A9A50>, <src.product.Product object at 0x000001EB7B210F50>]
2026-06-20 15:45:13,620 - utils - create_category_from_json - DEBUG - Делай два - red = {'name': 'Смартфоны', 'description': 'Смартфоны, как средство не только коммуникации, но и получение дополнительных функций для удобства жизни', 'products': [<src.product.Product object at 0x000001EB7B1A9A50>, <src.product.Product object at 0x000001EB7B210F50>]}
2026-06-20 15:45:13,620 - utils - create_category_from_json - DEBUG - Делай ноль - green = {'name': 'Xiaomi Redmi Note 11', 'description': '1024GB, Синий', 'price': 31000.0, 'quantity': 14}
2026-06-20 15:45:13,620 - utils - create_category_from_json - DEBUG - Делай один - products = [<src.product.Product object at 0x000001EB7B1A9A50>, <src.product.Product object at 0x000001EB7B210F50>, <src.product.Product object at 0x000001EB7B2110D0>]
2026-06-20 15:45:13,620 - utils - create_category_from_json - DEBUG - Делай два - red = {'name': 'Смартфоны', 'description': 'Смартфоны, как средство не только коммуникации, но и получение дополнительных функций для удобства жизни', 'products': [<src.product.Product object at 0x000001EB7B1A9A50>, <src.product.Product object at 0x000001EB7B210F50>, <src.product.Product object at 0x000001EB7B2110D0>]}
2026-06-20 15:45:13,620 - utils - create_category_from_json - DEBUG - Делай три - fin = [<src.category.Category object at 0x000001EB7B1B27A0>]
2026-06-20 15:45:13,620 - utils - create_category_from_json - DEBUG - Делай ноль - green = {'name': '55" QLED 4K', 'description': 'Фоновая подсветка', 'price': 123000.0, 'quantity': 7}
2026-06-20 15:45:13,620 - utils - create_category_from_json - DEBUG - Делай один - products = [<src.product.Product object at 0x000001EB7B25E360>]
2026-06-20 15:45:13,620 - utils - create_category_from_json - DEBUG - Делай два - red = {'name': 'Телевизоры', 'description': 'Современный телевизор, который позволяет наслаждаться просмотром, станет вашим другом и помощником', 'products': [<src.product.Product object at 0x000001EB7B25E360>]}
2026-06-20 15:45:13,620 - utils - create_category_from_json - DEBUG - Делай три - fin = [<src.category.Category object at 0x000001EB7B1B27A0>, <src.category.Category object at 0x000001EB7B208C50>]
2026-06-20 15:45:13,620 - utils - create_category_from_json - DEBUG - Делай четыре - fin = [<src.category.Category object at 0x000001EB7B1B27A0>, <src.category.Category object at 0x000001EB7B208C50>]
2026-06-20 15:45:39,420 - utils - create_category_from_json - DEBUG - Делай ноль - green = {'name': 'Samsung Galaxy C23 Ultra', 'description': '256GB, Серый цвет, 200MP камера', 'price': 180000.0, 'quantity': 5}
2026-06-20 15:45:39,420 - utils - create_category_from_json - DEBUG - Делай один - products = [<src.product.Product object at 0x00000249D2E09980>]
2026-06-20 15:45:39,420 - utils - create_category_from_json - DEBUG - Делай два - red = {'name': 'Смартфоны', 'description': 'Смартфоны, как средство не только коммуникации, но и получение дополнительных функций для удобства жизни', 'products': [<src.product.Product object at 0x00000249D2E09980>]}
2026-06-20 15:45:39,420 - utils - create_category_from_json - DEBUG - Делай ноль - green = {'name': 'Iphone 15', 'description': '512GB, Gray space', 'price': 210000.0, 'quantity': 8}
2026-06-20 15:45:39,420 - utils - create_category_from_json - DEBUG - Делай один - products = [<src.product.Product object at 0x00000249D2E09980>, <src.product.Product object at 0x00000249D2E70650>]
2026-06-20 15:45:39,421 - utils - create_category_from_json - DEBUG - Делай два - red = {'name': 'Смартфоны', 'description': 'Смартфоны, как средство не только коммуникации, но и получение дополнительных функций для удобства жизни', 'products': [<src.product.Product object at 0x00000249D2E09980>, <src.product.Product object at 0x00000249D2E70650>]}
2026-06-20 15:45:39,421 - utils - create_category_from_json - DEBUG - Делай ноль - green = {'name': 'Xiaomi Redmi Note 11', 'description': '1024GB, Синий', 'price': 31000.0, 'quantity': 14}
2026-06-20 15:45:39,421 - utils - create_category_from_json - DEBUG - Делай один - products = [<src.product.Product object at 0x00000249D2E09980>, <src.product.Product object at 0x00000249D2E70650>, <src.product.Product object at 0x00000249D2E707D0>]
2026-06-20 15:45:39,421 - utils - create_category_from_json - DEBUG - Делай два - red = {'name': 'Смартфоны', 'description': 'Смартфоны, как средство не только коммуникации, но и получение дополнительных функций для удобства жизни', 'products': [<src.product.Product object at 0x00000249D2E09980>, <src.product.Product object at 0x00000249D2E70650>, <src.product.Product object at 0x00000249D2E707D0>]}
2026-06-20 15:45:39,421 - utils - create_category_from_json - DEBUG - Делай три - fin = [<src.category.Category object at 0x00000249D2E12470>]
2026-06-20 15:45:39,421 - utils - create_category_from_json - DEBUG - Делай ноль - green = {'name': '55" QLED 4K', 'description': 'Фоновая подсветка', 'price': 123000.0, 'quantity': 7}
2026-06-20 15:45:39,421 - utils - create_category_from_json - DEBUG - Делай один - products = [<src.product.Product object at 0x00000249D2EA4680>]
2026-06-20 15:45:39,421 - utils - create_category_from_json - DEBUG - Делай два - red = {'name': 'Телевизоры', 'description': 'Современный телевизор, который позволяет наслаждаться просмотром, станет вашим другом и помощником', 'products': [<src.product.Product object at 0x00000249D2EA4680>]}
2026-06-20 15:45:39,421 - utils - create_category_from_json - DEBUG - Делай три - fin = [<src.category.Category object at 0x00000249D2E12470>, <src.category.Category object at 0x00000249D2DABA50>]
2026-06-20 15:45:39,421 - utils - create_category_from_json - DEBUG - Делай четыре - fin = [<src.category.Category object at 0x00000249D2E12470>, <src.category.Category object at 0x00000249D2DABA50>]
2026-06-20 15:53:42,097 - utils - create_category_from_json - DEBUG - Делай ноль - green = {'name': 'Samsung Galaxy C23 Ultra', 'description': '256GB, Серый цвет, 200MP камера', 'price': 180000.0, 'quantity': 5}
2026-06-20 15:53:42,097 - utils - create_category_from_json - DEBUG - Делай один - products = [<src.product.Product object at 0x000002E4A5F47040>]
2026-06-20 15:53:42,097 - utils - create_category_from_json - DEBUG - Делай два - red = {'name': 'Смартфоны', 'description': 'Смартфоны, как средство не только коммуникации, но и получение дополнительных функций для удобства жизни', 'products': [<src.product.Product object at 0x000002E4A5F47040>]}
2026-06-20 15:53:42,097 - utils - create_category_from_json - DEBUG - Делай ноль - green = {'name': 'Iphone 15', 'description': '512GB, Gray space', 'price': 210000.0, 'quantity': 8}
2026-06-20 15:53:42,097 - utils - create_category_from_json - DEBUG - Делай один - products = [<src.product.Product object at 0x000002E4A5F47040>, <src.product.Product object at 0x000002E4A7EF1190>]
2026-06-20 15:53:42,097 - utils - create_category_from_json - DEBUG - Делай два - red = {'name': 'Смартфоны', 'description': 'Смартфоны, как средство не только коммуникации, но и получение дополнительных функций для удобства жизни', 'products': [<src.product.Product object at 0x000002E4A5F47040>, <src.product.Product object at 0x000002E4A7EF1190>]}
2026-06-20 15:53:42,097 - utils - create_category_from_json - DEBUG - Делай ноль - green = {'name': 'Xiaomi Redmi Note 11', 'description': '1024GB, Синий', 'price': 31000.0, 'quantity': 14}
2026-06-20 15:53:42,097 - utils - create_category_from_json - DEBUG - Делай один - products = [<src.product.Product object at 0x000002E4A5F47040>, <src.product.Product object at 0x000002E4A7EF1190>, <src.product.Product object at 0x000002E4A7EF1550>]
2026-06-20 15:53:42,098 - utils - create_category_from_json - DEBUG - Делай два - red = {'name': 'Смартфоны', 'description': 'Смартфоны, как средство не только коммуникации, но и получение дополнительных функций для удобства жизни', 'products': [<src.product.Product object at 0x000002E4A5F47040>, <src.product.Product object at 0x000002E4A7EF1190>, <src.product.Product object at 0x000002E4A7EF1550>]}
2026-06-20 15:53:42,098 - utils - create_category_from_json - DEBUG - Делай три - fin = [<src.category.Category object at 0x000002E4A7EAFAC0>]
2026-06-20 15:53:42,098 - utils - create_category_from_json - DEBUG - Делай ноль - green = {'name': '55" QLED 4K', 'description': 'Фоновая подсветка', 'price': 123000.0, 'quantity': 7}
2026-06-20 15:53:42,098 - utils - create_category_from_json - DEBUG - Делай один - products = [<src.product.Product object at 0x000002E4A7F4B800>]
2026-06-20 15:53:42,098 - utils - create_category_from_json - DEBUG - Делай два - red = {'name': 'Телевизоры', 'description': 'Современный телевизор, который позволяет наслаждаться просмотром, станет вашим другом и помощником', 'products': [<src.product.Product object at 0x000002E4A7F4B800>]}
2026-06-20 15:53:42,098 - utils - create_category_from_json - DEBUG - Делай три - fin = [<src.category.Category object at 0x000002E4A7EAFAC0>, <src.category.Category object at 0x000002E4A7F34A50>]
2026-06-20 15:53:42,098 - utils - create_category_from_json - DEBUG - Делай четыре - fin = [<src.category.Category object at 0x000002E4A7EAFAC0>, <src.category.Category object at 0x000002E4A7F34A50>]
2026-06-20 15:53:56,446 - utils - create_category_from_json - DEBUG - Делай ноль - green = {'name': 'Samsung Galaxy C23 Ultra', 'description': '256GB, Серый цвет, 200MP камера', 'price': 180000.0, 'quantity': 5}
2026-06-20 15:53:56,446 - utils - create_category_from_json - DEBUG - Делай один - products = [<src.product.Product object at 0x00000151AB807040>]
2026-06-20 15:53:56,446 - utils - create_category_from_json - DEBUG - Делай два - red = {'name': 'Смартфоны', 'description': 'Смартфоны, как средство не только коммуникации, но и получение дополнительных функций для удобства жизни', 'products': [<src.product.Product object at 0x00000151AB807040>]}
2026-06-20 15:53:56,446 - utils - create_category_from_json - DEBUG - Делай ноль - green = {'name': 'Iphone 15', 'description': '512GB, Gray space', 'price': 210000.0, 'quantity': 8}
2026-06-20 15:53:56,446 - utils - create_category_from_json - DEBUG - Делай один - products = [<src.product.Product object at 0x00000151AB807040>, <src.product.Product object at 0x00000151AD7B1310>]
2026-06-20 15:53:56,446 - utils - create_category_from_json - DEBUG - Делай два - red = {'name': 'Смартфоны', 'description': 'Смартфоны, как средство не только коммуникации, но и получение дополнительных функций для удобства жизни', 'products': [<src.product.Product object at 0x00000151AB807040>, <src.product.Product object at 0x00000151AD7B1310>]}
2026-06-20 15:53:56,446 - utils - create_category_from_json - DEBUG - Делай ноль - green = {'name': 'Xiaomi Redmi Note 11', 'description': '1024GB, Синий', 'price': 31000.0, 'quantity': 14}
2026-06-20 15:53:56,446 - utils - create_category_from_json - DEBUG - Делай один - products = [<src.product.Product object at 0x00000151AB807040>, <src.product.Product object at 0x00000151AD7B1310>, <src.product.Product object at 0x00000151AD7B1610>]
2026-06-20 15:53:56,446 - utils - create_category_from_json - DEBUG - Делай два - red = {'name': 'Смартфоны', 'description': 'Смартфоны, как средство не только коммуникации, но и получение дополнительных функций для удобства жизни', 'products': [<src.product.Product object at 0x00000151AB807040>, <src.product.Product object at 0x00000151AD7B1310>, <src.product.Product object at 0x00000151AD7B1610>]}
2026-06-20 15:53:56,446 - utils - create_category_from_json - DEBUG - Делай три - fin = [<src.category.Category object at 0x00000151AD76BAC0>]
2026-06-20 15:53:56,446 - utils - create_category_from_json - DEBUG - Делай ноль - green = {'name': '55" QLED 4K', 'description': 'Фоновая подсветка', 'price': 123000.0, 'quantity': 7}
2026-06-20 15:53:56,446 - utils - create_category_from_json - DEBUG - Делай один - products = [<src.product.Product object at 0x00000151AD8038B0>]
2026-06-20 15:53:56,446 - utils - create_category_from_json - DEBUG - Делай два - red = {'name': 'Телевизоры', 'description': 'Современный телевизор, который позволяет наслаждаться просмотром, станет вашим другом и помощником', 'products': [<src.product.Product object at 0x00000151AD8038B0>]}
2026-06-20 15:53:56,446 - utils - create_category_from_json - DEBUG - Делай три - fin = [<src.category.Category object at 0x00000151AD76BAC0>, <src.category.Category object at 0x00000151AD7F4A50>]
2026-06-20 15:53:56,446 - utils - create_category_from_json - DEBUG - Делай четыре - fin = [<src.category.Category object at 0x00000151AD76BAC0>, <src.category.Category object at 0x00000151AD7F4A50>]
2026-06-20 15:54:26,176 - utils - create_category_from_json - DEBUG - Делай ноль - green = {'name': 'Samsung Galaxy C23 Ultra', 'description': '256GB, Серый цвет, 200MP камера', 'price': 180000.0, 'quantity': 5}
2026-06-20 15:54:26,176 - utils - create_category_from_json - DEBUG - Делай один - products = [<src.product.Product object at 0x000001DB18967040>]
2026-06-20 15:54:26,176 - utils - create_category_from_json - DEBUG - Делай два - red = {'name': 'Смартфоны', 'description': 'Смартфоны, как средство не только коммуникации, но и получение дополнительных функций для удобства жизни', 'products': [<src.product.Product object at 0x000001DB18967040>]}
2026-06-20 15:54:26,176 - utils - create_category_from_json - DEBUG - Делай ноль - green = {'name': 'Iphone 15', 'description': '512GB, Gray space', 'price': 210000.0, 'quantity': 8}
2026-06-20 15:54:26,176 - utils - create_category_from_json - DEBUG - Делай один - products = [<src.product.Product object at 0x000001DB18967040>, <src.product.Product object at 0x000001DB1A911190>]
2026-06-20 15:54:26,176 - utils - create_category_from_json - DEBUG - Делай два - red = {'name': 'Смартфоны', 'description': 'Смартфоны, как средство не только коммуникации, но и получение дополнительных функций для удобства жизни', 'products': [<src.product.Product object at 0x000001DB18967040>, <src.product.Product object at 0x000001DB1A911190>]}
2026-06-20 15:54:26,176 - utils - create_category_from_json - DEBUG - Делай ноль - green = {'name': 'Xiaomi Redmi Note 11', 'description': '1024GB, Синий', 'price': 31000.0, 'quantity': 14}
2026-06-20 15:54:26,177 - utils - create_category_from_json - DEBUG - Делай один - products = [<src.product.Product object at 0x000001DB18967040>, <src.product.Product object at 0x000001DB1A911190>, <src.product.Product object at 0x000001DB1A911550>]
2026-06-20 15:54:26,177 - utils - create_category_from_json - DEBUG - Делай два - red = {'name': 'Смартфоны', 'description': 'Смартфоны, как средство не только коммуникации, но и получение дополнительных функций для удобства жизни', 'products': [<src.product.Product object at 0x000001DB18967040>, <src.product.Product object at 0x000001DB1A911190>, <src.product.Product object at 0x000001DB1A911550>]}
2026-06-20 15:54:26,177 - utils - create_category_from_json - DEBUG - Делай три - fin = [<src.category.Category object at 0x000001DB1A8CFAC0>]
2026-06-20 15:54:26,177 - utils - create_category_from_json - DEBUG - Делай ноль - green = {'name': '55" QLED 4K', 'description': 'Фоновая подсветка', 'price': 123000.0, 'quantity': 7}
2026-06-20 15:54:26,177 - utils - create_category_from_json - DEBUG - Делай один - products = [<src.product.Product object at 0x000001DB1A96B800>]
2026-06-20 15:54:26,177 - utils - create_category_from_json - DEBUG - Делай два - red = {'name': 'Телевизоры', 'description': 'Современный телевизор, который позволяет наслаждаться просмотром, станет вашим другом и помощником', 'products': [<src.product.Product object at 0x000001DB1A96B800>]}
2026-06-20 15:54:26,177 - utils - create_category_from_json - DEBUG - Делай три - fin = [<src.category.Category object at 0x000001DB1A8CFAC0>, <src.category.Category object at 0x000001DB1A954A50>]
2026-06-20 15:54:26,177 - utils - create_category_from_json - DEBUG - Делай четыре - fin = [<src.category.Category object at 0x000001DB1A8CFAC0>, <src.category.Category object at 0x000001DB1A954A50>]
2026-06-20 15:54:44,907 - utils - create_category_from_json - DEBUG - Делай ноль - green = {'name': 'Samsung Galaxy C23 Ultra', 'description': '256GB, Серый цвет, 200MP камера', 'price': 180000.0, 'quantity': 5}
2026-06-20 15:54:44,907 - utils - create_category_from_json - DEBUG - Делай один - products = [<src.product.Product object at 0x00000288D68D5570>]
2026-06-20 15:54:44,907 - utils - create_category_from_json - DEBUG - Делай два - red = {'name': 'Смартфоны', 'description': 'Смартфоны, как средство не только коммуникации, но и получение дополнительных функций для удобства жизни', 'products': [<src.product.Product object at 0x00000288D68D5570>]}
2026-06-20 15:54:44,908 - utils - create_category_from_json - DEBUG - Делай ноль - green = {'name': 'Iphone 15', 'description': '512GB, Gray space', 'price': 210000.0, 'quantity': 8}
2026-06-20 15:54:44,908 - utils - create_category_from_json - DEBUG - Делай один - products = [<src.product.Product object at 0x00000288D68D5570>, <src.product.Product object at 0x00000288D8831310>]
2026-06-20 15:54:44,908 - utils - create_category_from_json - DEBUG - Делай два - red = {'name': 'Смартфоны', 'description': 'Смартфоны, как средство не только коммуникации, но и получение дополнительных функций для удобства жизни', 'products': [<src.product.Product object at 0x00000288D68D5570>, <src.product.Product object at 0x00000288D8831310>]}
2026-06-20 15:54:44,908 - utils - create_category_from_json - DEBUG - Делай ноль - green = {'name': 'Xiaomi Redmi Note 11', 'description': '1024GB, Синий', 'price': 31000.0, 'quantity': 14}
2026-06-20 15:54:44,908 - utils - create_category_from_json - DEBUG - Делай один - products = [<src.product.Product object at 0x00000288D68D5570>, <src.product.Product object at 0x00000288D8831310>, <src.product.Product object at 0x00000288D8831610>]
2026-06-20 15:54:44,908 - utils - create_category_from_json - DEBUG - Делай два - red = {'name': 'Смартфоны', 'description': 'Смартфоны, как средство не только коммуникации, но и получение дополнительных функций для удобства жизни', 'products': [<src.product.Product object at 0x00000288D68D5570>, <src.product.Product object at 0x00000288D8831310>, <src.product.Product object at 0x00000288D8831610>]}
2026-06-20 15:54:44,908 - utils - create_category_from_json - DEBUG - Делай три - fin = [<src.category.Category object at 0x00000288D87EBAC0>]
2026-06-20 15:54:44,908 - utils - create_category_from_json - DEBUG - Делай ноль - green = {'name': '55" QLED 4K', 'description': 'Фоновая подсветка', 'price': 123000.0, 'quantity': 7}
2026-06-20 15:54:44,908 - utils - create_category_from_json - DEBUG - Делай один - products = [<src.product.Product object at 0x00000288D88838B0>]
2026-06-20 15:54:44,908 - utils - create_category_from_json - DEBUG - Делай два - red = {'name': 'Телевизоры', 'description': 'Современный телевизор, который позволяет наслаждаться просмотром, станет вашим другом и помощником', 'products': [<src.product.Product object at 0x00000288D88838B0>]}
2026-06-20 15:54:44,908 - utils - create_category_from_json - DEBUG - Делай три - fin = [<src.category.Category object at 0x00000288D87EBAC0>, <src.category.Category object at 0x00000288D8874A50>]
2026-06-20 15:54:44,908 - utils - create_category_from_json - DEBUG - Делай четыре - fin = [<src.category.Category object at 0x00000288D87EBAC0>, <src.category.Category object at 0x00000288D8874A50>]
2026-06-22 15:08:29,345 - utils - create_category_from_json - DEBUG - Делай ноль - green = {'name': 'Samsung Galaxy C23 Ultra', 'description': '256GB, Серый цвет, 200MP камера', 'price': 180000.0, 'quantity': 5}
2026-06-22 15:08:29,346 - utils - create_category_from_json - DEBUG - Делай один - products = [<src.product.Product object at 0x000002D250E48110>]
2026-06-22 15:08:29,346 - utils - create_category_from_json - DEBUG - Делай два - red = {'name': 'Смартфоны', 'description': 'Смартфоны, как средство не только коммуникации, но и получение дополнительных функций для удобства жизни', 'products': [<src.product.Product object at 0x000002D250E48110>]}
2026-06-22 15:08:29,346 - utils - create_category_from_json - DEBUG - Делай ноль - green = {'name': 'Iphone 15', 'description': '512GB, Gray space', 'price': 210000.0, 'quantity': 8}
2026-06-22 15:08:29,346 - utils - create_category_from_json - DEBUG - Делай один - products = [<src.product.Product object at 0x000002D250E48110>, <src.product.Product object at 0x000002D250E48E90>]
2026-06-22 15:08:29,346 - utils - create_category_from_json - DEBUG - Делай два - red = {'name': 'Смартфоны', 'description': 'Смартфоны, как средство не только коммуникации, но и получение дополнительных функций для удобства жизни', 'products': [<src.product.Product object at 0x000002D250E48110>, <src.product.Product object at 0x000002D250E48E90>]}
2026-06-22 15:08:29,346 - utils - create_category_from_json - DEBUG - Делай ноль - green = {'name': 'Xiaomi Redmi Note 11', 'description': '1024GB, Синий', 'price': 31000.0, 'quantity': 14}
2026-06-22 15:08:29,346 - utils - create_category_from_json - DEBUG - Делай один - products = [<src.product.Product object at 0x000002D250E48110>, <src.product.Product object at 0x000002D250E48E90>, <src.product.Product object at 0x000002D250E7E830>]
2026-06-22 15:08:29,346 - utils - create_category_from_json - DEBUG - Делай два - red = {'name': 'Смартфоны', 'description': 'Смартфоны, как средство не только коммуникации, но и получение дополнительных функций для удобства жизни', 'products': [<src.product.Product object at 0x000002D250E48110>, <src.product.Product object at 0x000002D250E48E90>, <src.product.Product object at 0x000002D250E7E830>]}
2026-06-22 15:08:29,346 - utils - create_category_from_json - DEBUG - Делай три - fin = [<src.category.Category object at 0x000002D250DE2690>]
2026-06-22 15:08:29,346 - utils - create_category_from_json - DEBUG - Делай ноль - green = {'name': '55" QLED 4K', 'description': 'Фоновая подсветка', 'price': 123000.0, 'quantity': 7}
2026-06-22 15:08:29,346 - utils - create_category_from_json - DEBUG - Делай один - products = [<src.product.Product object at 0x000002D250E7E8E0>]
2026-06-22 15:08:29,346 - utils - create_category_from_json - DEBUG - Делай два - red = {'name': 'Телевизоры', 'description': 'Современный телевизор, который позволяет наслаждаться просмотром, станет вашим другом и помощником', 'products': [<src.product.Product object at 0x000002D250E7E8E0>]}
2026-06-22 15:08:29,346 - utils - create_category_from_json - DEBUG - Делай три - fin = [<src.category.Category object at 0x000002D250DE2690>, <src.category.Category object at 0x000002D250E38C50>]
2026-06-22 15:08:29,346 - utils - create_category_from_json - DEBUG - Делай четыре - fin = [<src.category.Category object at 0x000002D250DE2690>, <src.category.Category object at 0x000002D250E38C50>]
2026-06-22 15:09:02,439 - utils - create_category_from_json - DEBUG - Делай ноль - green = {'name': 'Samsung Galaxy C23 Ultra', 'description': '256GB, Серый цвет, 200MP камера', 'price': 180000.0, 'quantity': 5}
2026-06-22 15:09:02,439 - utils - create_category_from_json - DEBUG - Делай один - products = [<src.product.Product object at 0x0000020BC86A8110>]
2026-06-22 15:09:02,439 - utils - create_category_from_json - DEBUG - Делай два - red = {'name': 'Смартфоны', 'description': 'Смартфоны, как средство не только коммуникации, но и получение дополнительных функций для удобства жизни', 'products': [<src.product.Product object at 0x0000020BC86A8110>]}
2026-06-22 15:09:02,439 - utils - create_category_from_json - DEBUG - Делай ноль - green = {'name': 'Iphone 15', 'description': '512GB, Gray space', 'price': 210000.0, 'quantity': 8}
2026-06-22 15:09:02,439 - utils - create_category_from_json - DEBUG - Делай один - products = [<src.product.Product object at 0x0000020BC86A8110>, <src.product.Product object at 0x0000020BC86A8890>]
2026-06-22 15:09:02,439 - utils - create_category_from_json - DEBUG - Делай два - red = {'name': 'Смартфоны', 'description': 'Смартфоны, как средство не только коммуникации, но и получение дополнительных функций для удобства жизни', 'products': [<src.product.Product object at 0x0000020BC86A8110>, <src.product.Product object at 0x0000020BC86A8890>]}
2026-06-22 15:09:02,440 - utils - create_category_from_json - DEBUG - Делай ноль - green = {'name': 'Xiaomi Redmi Note 11', 'description': '1024GB, Синий', 'price': 31000.0, 'quantity': 14}
2026-06-22 15:09:02,440 - utils - create_category_from_json - DEBUG - Делай один - products = [<src.product.Product object at 0x0000020BC86A8110>, <src.product.Product object at 0x0000020BC86A8890>, <src.product.Product object at 0x0000020BC86B8E10>]
2026-06-22 15:09:02,440 - utils - create_category_from_json - DEBUG - Делай два - red = {'name': 'Смартфоны', 'description': 'Смартфоны, как средство не только коммуникации, но и получение дополнительных функций для удобства жизни', 'products': [<src.product.Product object at 0x0000020BC86A8110>, <src.product.Product object at 0x0000020BC86A8890>, <src.product.Product object at 0x0000020BC86B8E10>]}
2026-06-22 15:09:02,440 - utils - create_category_from_json - DEBUG - Делай три - fin = [<src.category.Category object at 0x0000020BC8642580>]
2026-06-22 15:09:02,440 - utils - create_category_from_json - DEBUG - Делай ноль - green = {'name': '55" QLED 4K', 'description': 'Фоновая подсветка', 'price': 123000.0, 'quantity': 7}
2026-06-22 15:09:02,440 - utils - create_category_from_json - DEBUG - Делай один - products = [<src.product.Product object at 0x0000020BC86B8EC0>]
2026-06-22 15:09:02,440 - utils - create_category_from_json - DEBUG - Делай два - red = {'name': 'Телевизоры', 'description': 'Современный телевизор, который позволяет наслаждаться просмотром, станет вашим другом и помощником', 'products': [<src.product.Product object at 0x0000020BC86B8EC0>]}
2026-06-22 15:09:02,440 - utils - create_category_from_json - DEBUG - Делай три - fin = [<src.category.Category object at 0x0000020BC8642580>, <src.category.Category object at 0x0000020BC8698250>]
2026-06-22 15:09:02,440 - utils - create_category_from_json - DEBUG - Делай четыре - fin = [<src.category.Category object at 0x0000020BC8642580>, <src.category.Category object at 0x0000020BC8698250>]
2026-06-22 15:10:33,824 - utils - create_category_from_json - DEBUG - Делай ноль - green = {'name': 'Samsung Galaxy C23 Ultra', 'description': '256GB, Серый цвет, 200MP камера', 'price': 180000.0, 'quantity': 5}
2026-06-22 15:10:33,824 - utils - create_category_from_json - DEBUG - Делай один - products = [<src.product.Product object at 0x00000283E8078110>]
2026-06-22 15:10:33,824 - utils - create_category_from_json - DEBUG - Делай два - red = {'name': 'Смартфоны', 'description': 'Смартфоны, как средство не только коммуникации, но и получение дополнительных функций для удобства жизни', 'products': [<src.product.Product object at 0x00000283E8078110>]}
2026-06-22 15:10:33,824 - utils - create_category_from_json - DEBUG - Делай ноль - green = {'name': 'Iphone 15', 'description': '512GB, Gray space', 'price': 210000.0, 'quantity': 8}
2026-06-22 15:10:33,824 - utils - create_category_from_json - DEBUG - Делай один - products = [<src.product.Product object at 0x00000283E8078110>, <src.product.Product object at 0x00000283E8078E90>]
2026-06-22 15:10:33,824 - utils - create_category_from_json - DEBUG - Делай два - red = {'name': 'Смартфоны', 'description': 'Смартфоны, как средство не только коммуникации, но и получение дополнительных функций для удобства жизни', 'products': [<src.product.Product object at 0x00000283E8078110>, <src.product.Product object at 0x00000283E8078E90>]}
2026-06-22 15:10:33,824 - utils - create_category_from_json - DEBUG - Делай ноль - green = {'name': 'Xiaomi Redmi Note 11', 'description': '1024GB, Синий', 'price': 31000.0, 'quantity': 14}
2026-06-22 15:10:33,824 - utils - create_category_from_json - DEBUG - Делай один - products = [<src.product.Product object at 0x00000283E8078110>, <src.product.Product object at 0x00000283E8078E90>, <src.product.Product object at 0x00000283E80BA830>]
2026-06-22 15:10:33,824 - utils - create_category_from_json - DEBUG - Делай два - red = {'name': 'Смартфоны', 'description': 'Смартфоны, как средство не только коммуникации, но и получение дополнительных функций для удобства жизни', 'products': [<src.product.Product object at 0x00000283E8078110>, <src.product.Product object at 0x00000283E8078E90>, <src.product.Product object at 0x00000283E80BA830>]}
2026-06-22 15:10:33,825 - utils - create_category_from_json - DEBUG - Делай три - fin = [<src.category.Category object at 0x00000283E8012690>]
2026-06-22 15:10:33,825 - utils - create_category_from_json - DEBUG - Делай ноль - green = {'name': '55" QLED 4K', 'description': 'Фоновая подсветка', 'price': 123000.0, 'quantity': 7}
2026-06-22 15:10:33,825 - utils - create_category_from_json - DEBUG - Делай один - products = [<src.product.Product object at 0x00000283E80BA8E0>]
2026-06-22 15:10:33,825 - utils - create_category_from_json - DEBUG - Делай два - red = {'name': 'Телевизоры', 'description': 'Современный телевизор, который позволяет наслаждаться просмотром, станет вашим другом и помощником', 'products': [<src.product.Product object at 0x00000283E80BA8E0>]}
2026-06-22 15:10:33,825 - utils - create_category_from_json - DEBUG - Делай три - fin = [<src.category.Category object at 0x00000283E8012690>, <src.category.Category object at 0x00000283E8068C50>]
2026-06-22 15:10:33,825 - utils - create_category_from_json - DEBUG - Делай четыре - fin = [<src.category.Category object at 0x00000283E8012690>, <src.category.Category object at 0x00000283E8068C50>]
2026-06-22 15:11:05,492 - utils - create_category_from_json - DEBUG - Делай ноль - green = {'name': 'Samsung Galaxy C23 Ultra', 'description': '256GB, Серый цвет, 200MP камера', 'price': 180000.0, 'quantity': 5}
2026-06-22 15:11:05,492 - utils - create_category_from_json - DEBUG - Делай один - products = [<src.product.Product object at 0x000001D8A6178110>]
2026-06-22 15:11:05,492 - utils - create_category_from_json - DEBUG - Делай два - red = {'name': 'Смартфоны', 'description': 'Смартфоны, как средство не только коммуникации, но и получение дополнительных функций для удобства жизни', 'products': [<src.product.Product object at 0x000001D8A6178110>]}
2026-06-22 15:11:05,492 - utils - create_category_from_json - DEBUG - Делай ноль - green = {'name': 'Iphone 15', 'description': '512GB, Gray space', 'price': 210000.0, 'quantity': 8}
2026-06-22 15:11:05,492 - utils - create_category_from_json - DEBUG - Делай один - products = [<src.product.Product object at 0x000001D8A6178110>, <src.product.Product object at 0x000001D8A6178890>]
2026-06-22 15:11:05,492 - utils - create_category_from_json - DEBUG - Делай два - red = {'name': 'Смартфоны', 'description': 'Смартфоны, как средство не только коммуникации, но и получение дополнительных функций для удобства жизни', 'products': [<src.product.Product object at 0x000001D8A6178110>, <src.product.Product object at 0x000001D8A6178890>]}
2026-06-22 15:11:05,492 - utils - create_category_from_json - DEBUG - Делай ноль - green = {'name': 'Xiaomi Redmi Note 11', 'description': '1024GB, Синий', 'price': 31000.0, 'quantity': 14}
2026-06-22 15:11:05,492 - utils - create_category_from_json - DEBUG - Делай один - products = [<src.product.Product object at 0x000001D8A6178110>, <src.product.Product object at 0x000001D8A6178890>, <src.product.Product object at 0x000001D8A619CE10>]
2026-06-22 15:11:05,493 - utils - create_category_from_json - DEBUG - Делай два - red = {'name': 'Смартфоны', 'description': 'Смартфоны, как средство не только коммуникации, но и получение дополнительных функций для удобства жизни', 'products': [<src.product.Product object at 0x000001D8A6178110>, <src.product.Product object at 0x000001D8A6178890>, <src.product.Product object at 0x000001D8A619CE10>]}
2026-06-22 15:11:05,493 - utils - create_category_from_json - DEBUG - Делай три - fin = [<src.category.Category object at 0x000001D8A6112580>]
2026-06-22 15:11:05,493 - utils - create_category_from_json - DEBUG - Делай ноль - green = {'name': '55" QLED 4K', 'description': 'Фоновая подсветка', 'price': 123000.0, 'quantity': 7}
2026-06-22 15:11:05,493 - utils - create_category_from_json - DEBUG - Делай один - products = [<src.product.Product object at 0x000001D8A619CEC0>]
2026-06-22 15:11:05,493 - utils - create_category_from_json - DEBUG - Делай два - red = {'name': 'Телевизоры', 'description': 'Современный телевизор, который позволяет наслаждаться просмотром, станет вашим другом и помощником', 'products': [<src.product.Product object at 0x000001D8A619CEC0>]}
2026-06-22 15:11:05,493 - utils - create_category_from_json - DEBUG - Делай три - fin = [<src.category.Category object at 0x000001D8A6112580>, <src.category.Category object at 0x000001D8A6168250>]
2026-06-22 15:11:05,493 - utils - create_category_from_json - DEBUG - Делай четыре - fin = [<src.category.Category object at 0x000001D8A6112580>, <src.category.Category object at 0x000001D8A6168250>]
2026-06-22 15:12:22,377 - utils - create_category_from_json - DEBUG - Делай ноль - green = {'name': 'Samsung Galaxy C23 Ultra', 'description': '256GB, Серый цвет, 200MP камера', 'price': 180000.0, 'quantity': 5}
2026-06-22 15:12:22,377 - utils - create_category_from_json - DEBUG - Делай один - products = [<src.product.Product object at 0x000002092CEAD700>]
2026-06-22 15:12:22,377 - utils - create_category_from_json - DEBUG - Делай два - red = {'name': 'Смартфоны', 'description': 'Смартфоны, как средство не только коммуникации, но и получение дополнительных функций для удобства жизни', 'products': [<src.product.Product object at 0x000002092CEAD700>]}
2026-06-22 15:12:22,378 - utils - create_category_from_json - DEBUG - Делай ноль - green = {'name': 'Iphone 15', 'description': '512GB, Gray space', 'price': 210000.0, 'quantity': 8}
2026-06-22 15:12:22,378 - utils - create_category_from_json - DEBUG - Делай один - products = [<src.product.Product object at 0x000002092CEAD700>, <src.product.Product object at 0x000002092CEAD7B0>]
2026-06-22 15:12:22,378 - utils - create_category_from_json - DEBUG - Делай два - red = {'name': 'Смартфоны', 'description': 'Смартфоны, как средство не только коммуникации, но и получение дополнительных функций для удобства жизни', 'products': [<src.product.Product object at 0x000002092CEAD700>, <src.product.Product object at 0x000002092CEAD7B0>]}
2026-06-22 15:12:22,378 - utils - create_category_from_json - DEBUG - Делай ноль - green = {'name': 'Xiaomi Redmi Note 11', 'description': '1024GB, Синий', 'price': 31000.0, 'quantity': 14}
2026-06-22 15:12:22,378 - utils - create_category_from_json - DEBUG - Делай один - products = [<src.product.Product object at 0x000002092CEAD700>, <src.product.Product object at 0x000002092CEAD7B0>, <src.product.Product object at 0x000002092CE4D9F0>]
2026-06-22 15:12:22,378 - utils - create_category_from_json - DEBUG - Делай два - red = {'name': 'Смартфоны', 'description': 'Смартфоны, как средство не только коммуникации, но и получение дополнительных функций для удобства жизни', 'products': [<src.product.Product object at 0x000002092CEAD700>, <src.product.Product object at 0x000002092CEAD7B0>, <src.product.Product object at 0x000002092CE4D9F0>]}
2026-06-22 15:12:22,378 - utils - create_category_from_json - DEBUG - Делай три - fin = [<src.category.Category object at 0x000002092CE327A0>]
2026-06-22 15:12:22,378 - utils - create_category_from_json - DEBUG - Делай ноль - green = {'name': '55" QLED 4K', 'description': 'Фоновая подсветка', 'price': 123000.0, 'quantity': 7}
2026-06-22 15:12:22,378 - utils - create_category_from_json - DEBUG - Делай один - products = [<src.product.Product object at 0x000002092CE4DA90>]
2026-06-22 15:12:22,378 - utils - create_category_from_json - DEBUG - Делай два - red = {'name': 'Телевизоры', 'description': 'Современный телевизор, который позволяет наслаждаться просмотром, станет вашим другом и помощником', 'products': [<src.product.Product object at 0x000002092CE4DA90>]}
2026-06-22 15:12:22,378 - utils - create_category_from_json - DEBUG - Делай три - fin = [<src.category.Category object at 0x000002092CE327A0>, <src.category.Category object at 0x000002092CE88250>]
2026-06-22 15:12:22,378 - utils - create_category_from_json - DEBUG - Делай четыре - fin = [<src.category.Category object at 0x000002092CE327A0>, <src.category.Category object at 0x000002092CE88250>]
2026-06-22 15:14:17,598 - utils - create_category_from_json - DEBUG - Делай ноль - green = {'name': 'Samsung Galaxy C23 Ultra', 'description': '256GB, Серый цвет, 200MP камера', 'price': 180000.0, 'quantity': 5}
2026-06-22 15:14:17,598 - utils - create_category_from_json - DEBUG - Делай один - products = [<src.product.Product object at 0x000001C11ABF3B70>]
2026-06-22 15:14:17,598 - utils - create_category_from_json - DEBUG - Делай два - red = {'name': 'Смартфоны', 'description': 'Смартфоны, как средство не только коммуникации, но и получение дополнительных функций для удобства жизни', 'products': [<src.product.Product object at 0x000001C11ABF3B70>]}
2026-06-22 15:14:17,598 - utils - create_category_from_json - DEBUG - Делай ноль - green = {'name': 'Iphone 15', 'description': '512GB, Gray space', 'price': 210000.0, 'quantity': 8}
2026-06-22 15:14:17,598 - utils - create_category_from_json - DEBUG - Делай один - products = [<src.product.Product object at 0x000001C11ABF3B70>, <src.product.Product object at 0x000001C11ABF3C20>]
2026-06-22 15:14:17,598 - utils - create_category_from_json - DEBUG - Делай два - red = {'name': 'Смартфоны', 'description': 'Смартфоны, как средство не только коммуникации, но и получение дополнительных функций для удобства жизни', 'products': [<src.product.Product object at 0x000001C11ABF3B70>, <src.product.Product object at 0x000001C11ABF3C20>]}
2026-06-22 15:14:17,598 - utils - create_category_from_json - DEBUG - Делай ноль - green = {'name': 'Xiaomi Redmi Note 11', 'description': '1024GB, Синий', 'price': 31000.0, 'quantity': 14}
2026-06-22 15:14:17,598 - utils - create_category_from_json - DEBUG - Делай один - products = [<src.product.Product object at 0x000001C11ABF3B70>, <src.product.Product object at 0x000001C11ABF3C20>, <src.product.Product object at 0x000001C11AB5DD10>]
2026-06-22 15:14:17,598 - utils - create_category_from_json - DEBUG - Делай два - red = {'name': 'Смартфоны', 'description': 'Смартфоны, как средство не только коммуникации, но и получение дополнительных функций для удобства жизни', 'products': [<src.product.Product object at 0x000001C11ABF3B70>, <src.product.Product object at 0x000001C11ABF3C20>, <src.product.Product object at 0x000001C11AB5DD10>]}
2026-06-22 15:14:17,598 - utils - create_category_from_json - DEBUG - Делай три - fin = [<src.category.Category object at 0x000001C11AB99550>]
2026-06-22 15:14:17,598 - utils - create_category_from_json - DEBUG - Делай ноль - green = {'name': '55" QLED 4K', 'description': 'Фоновая подсветка', 'price': 123000.0, 'quantity': 7}
2026-06-22 15:14:17,598 - utils - create_category_from_json - DEBUG - Делай один - products = [<src.product.Product object at 0x000001C11AB5DE50>]
2026-06-22 15:14:17,598 - utils - create_category_from_json - DEBUG - Делай два - red = {'name': 'Телевизоры', 'description': 'Современный телевизор, который позволяет наслаждаться просмотром, станет вашим другом и помощником', 'products': [<src.product.Product object at 0x000001C11AB5DE50>]}
2026-06-22 15:14:17,598 - utils - create_category_from_json - DEBUG - Делай три - fin = [<src.category.Category object at 0x000001C11AB99550>, <src.category.Category object at 0x000001C11ABCD9A0>]
2026-06-22 15:14:17,598 - utils - create_category_from_json - DEBUG - Делай четыре - fin = [<src.category.Category object at 0x000001C11AB99550>, <src.category.Category object at 0x000001C11ABCD9A0>]
2026-06-22 15:15:00,838 - utils - create_category_from_json - DEBUG - Делай ноль - green = {'name': 'Samsung Galaxy C23 Ultra', 'description': '256GB, Серый цвет, 200MP камера', 'price': 180000.0, 'quantity': 5}
2026-06-22 15:15:00,838 - utils - create_category_from_json - DEBUG - Делай один - products = [<src.product.Product object at 0x000001E67F351E90>]
2026-06-22 15:15:00,838 - utils - create_category_from_json - DEBUG - Делай два - red = {'name': 'Смартфоны', 'description': 'Смартфоны, как средство не только коммуникации, но и получение дополнительных функций для удобства жизни', 'products': [<src.product.Product object at 0x000001E67F351E90>]}
2026-06-22 15:15:00,839 - utils - create_category_from_json - DEBUG - Делай ноль - green = {'name': 'Iphone 15', 'description': '512GB, Gray space', 'price': 210000.0, 'quantity': 8}
2026-06-22 15:15:00,839 - utils - create_category_from_json - DEBUG - Делай один - products = [<src.product.Product object at 0x000001E67F351E90>, <src.product.Product object at 0x000001E67F351F40>]
2026-06-22 15:15:00,839 - utils - create_category_from_json - DEBUG - Делай два - red = {'name': 'Смартфоны', 'description': 'Смартфоны, как средство не только коммуникации, но и получение дополнительных функций для удобства жизни', 'products': [<src.product.Product object at 0x000001E67F351E90>, <src.product.Product object at 0x000001E67F351F40>]}
2026-06-22 15:15:00,839 - utils - create_category_from_json - DEBUG - Делай ноль - green = {'name': 'Xiaomi Redmi Note 11', 'description': '1024GB, Синий', 'price': 31000.0, 'quantity': 14}
2026-06-22 15:15:00,839 - utils - create_category_from_json - DEBUG - Делай один - products = [<src.product.Product object at 0x000001E67F351E90>, <src.product.Product object at 0x000001E67F351F40>, <src.product.Product object at 0x000001E67F2CDBD0>]
2026-06-22 15:15:00,839 - utils - create_category_from_json - DEBUG - Делай два - red = {'name': 'Смартфоны', 'description': 'Смартфоны, как средство не только коммуникации, но и получение дополнительных функций для удобства жизни', 'products': [<src.product.Product object at 0x000001E67F351E90>, <src.product.Product object at 0x000001E67F351F40>, <src.product.Product object at 0x000001E67F2CDBD0>]}
2026-06-22 15:15:00,839 - utils - create_category_from_json - DEBUG - Делай три - fin = [<src.category.Category object at 0x000001E67F308250>]
2026-06-22 15:15:00,839 - utils - create_category_from_json - DEBUG - Делай ноль - green = {'name': '55" QLED 4K', 'description': 'Фоновая подсветка', 'price': 123000.0, 'quantity': 7}
2026-06-22 15:15:00,839 - utils - create_category_from_json - DEBUG - Делай один - products = [<src.product.Product object at 0x000001E67F2CDC70>]
2026-06-22 15:15:00,839 - utils - create_category_from_json - DEBUG - Делай два - red = {'name': 'Телевизоры', 'description': 'Современный телевизор, который позволяет наслаждаться просмотром, станет вашим другом и помощником', 'products': [<src.product.Product object at 0x000001E67F2CDC70>]}
2026-06-22 15:15:00,839 - utils - create_category_from_json - DEBUG - Делай три - fin = [<src.category.Category object at 0x000001E67F308250>, <src.category.Category object at 0x000001E67F33C230>]
2026-06-22 15:15:00,839 - utils - create_category_from_json - DEBUG - Делай четыре - fin = [<src.category.Category object at 0x000001E67F308250>, <src.category.Category object at 0x000001E67F33C230>]
2026-06-22 15:16:47,802 - utils - create_category_from_json - DEBUG - Делай ноль - green = {'name': 'Samsung Galaxy C23 Ultra', 'description': '256GB, Серый цвет, 200MP камера', 'price': 180000.0, 'quantity': 5}
2026-06-22 15:16:47,803 - utils - create_category_from_json - DEBUG - Делай один - products = [<src.product.Product object at 0x00000204E61FDF90>]
2026-06-22 15:16:47,803 - utils - create_category_from_json - DEBUG - Делай два - red = {'name': 'Смартфоны', 'description': 'Смартфоны, как средство не только коммуникации, но и получение дополнительных функций для удобства жизни', 'products': [<src.product.Product object at 0x00000204E61FDF90>]}
2026-06-22 15:16:47,803 - utils - create_category_from_json - DEBUG - Делай ноль - green = {'name': 'Iphone 15', 'description': '512GB, Gray space', 'price': 210000.0, 'quantity': 8}
2026-06-22 15:16:47,803 - utils - create_category_from_json - DEBUG - Делай один - products = [<src.product.Product object at 0x00000204E61FDF90>, <src.product.Product object at 0x00000204E61FE030>]
2026-06-22 15:16:47,803 - utils - create_category_from_json - DEBUG - Делай два - red = {'name': 'Смартфоны', 'description': 'Смартфоны, как средство не только коммуникации, но и получение дополнительных функций для удобства жизни', 'products': [<src.product.Product object at 0x00000204E61FDF90>, <src.product.Product object at 0x00000204E61FE030>]}
2026-06-22 15:16:47,803 - utils - create_category_from_json - DEBUG - Делай ноль - green = {'name': 'Xiaomi Redmi Note 11', 'description': '1024GB, Синий', 'price': 31000.0, 'quantity': 14}
2026-06-22 15:16:47,803 - utils - create_category_from_json - DEBUG - Делай один - products = [<src.product.Product object at 0x00000204E61FDF90>, <src.product.Product object at 0x00000204E61FE030>, <src.product.Product object at 0x00000204E61B7380>]
2026-06-22 15:16:47,803 - utils - create_category_from_json - DEBUG - Делай два - red = {'name': 'Смартфоны', 'description': 'Смартфоны, как средство не только коммуникации, но и получение дополнительных функций для удобства жизни', 'products': [<src.product.Product object at 0x00000204E61FDF90>, <src.product.Product object at 0x00000204E61FE030>, <src.product.Product object at 0x00000204E61B7380>]}
2026-06-22 15:16:47,803 - utils - create_category_from_json - DEBUG - Делай три - fin = [<src.category.Category object at 0x00000204E6240E50>]
2026-06-22 15:16:47,803 - utils - create_category_from_json - DEBUG - Делай ноль - green = {'name': '55" QLED 4K', 'description': 'Фоновая подсветка', 'price': 123000.0, 'quantity': 7}
2026-06-22 15:16:47,803 - utils - create_category_from_json - DEBUG - Делай один - products = [<src.product.Product object at 0x00000204E6298350>]
2026-06-22 15:16:47,803 - utils - create_category_from_json - DEBUG - Делай два - red = {'name': 'Телевизоры', 'description': 'Современный телевизор, который позволяет наслаждаться просмотром, станет вашим другом и помощником', 'products': [<src.product.Product object at 0x00000204E6298350>]}
2026-06-22 15:16:47,803 - utils - create_category_from_json - DEBUG - Делай три - fin = [<src.category.Category object at 0x00000204E6240E50>, <src.category.Category object at 0x00000204E626CD70>]
2026-06-22 15:16:47,803 - utils - create_category_from_json - DEBUG - Делай четыре - fin = [<src.category.Category object at 0x00000204E6240E50>, <src.category.Category object at 0x00000204E626CD70>]
2026-06-22 15:17:53,391 - utils - create_category_from_json - DEBUG - Делай ноль - green = {'name': 'Samsung Galaxy C23 Ultra', 'description': '256GB, Серый цвет, 200MP камера', 'price': 180000.0, 'quantity': 5}
2026-06-22 15:17:53,391 - utils - create_category_from_json - DEBUG - Делай один - products = [<src.product.Product object at 0x0000026CFD16DDB0>]
2026-06-22 15:17:53,391 - utils - create_category_from_json - DEBUG - Делай два - red = {'name': 'Смартфоны', 'description': 'Смартфоны, как средство не только коммуникации, но и получение дополнительных функций для удобства жизни', 'products': [<src.product.Product object at 0x0000026CFD16DDB0>]}
2026-06-22 15:17:53,391 - utils - create_category_from_json - DEBUG - Делай ноль - green = {'name': 'Iphone 15', 'description': '512GB, Gray space', 'price': 210000.0, 'quantity': 8}
2026-06-22 15:17:53,391 - utils - create_category_from_json - DEBUG - Делай один - products = [<src.product.Product object at 0x0000026CFD16DDB0>, <src.product.Product object at 0x0000026CFD16DE50>]
2026-06-22 15:17:53,391 - utils - create_category_from_json - DEBUG - Делай два - red = {'name': 'Смартфоны', 'description': 'Смартфоны, как средство не только коммуникации, но и получение дополнительных функций для удобства жизни', 'products': [<src.product.Product object at 0x0000026CFD16DDB0>, <src.product.Product object at 0x0000026CFD16DE50>]}
2026-06-22 15:17:53,391 - utils - create_category_from_json - DEBUG - Делай ноль - green = {'name': 'Xiaomi Redmi Note 11', 'description': '1024GB, Синий', 'price': 31000.0, 'quantity': 14}
2026-06-22 15:17:53,391 - utils - create_category_from_json - DEBUG - Делай один - products = [<src.product.Product object at 0x0000026CFD16DDB0>, <src.product.Product object at 0x0000026CFD16DE50>, <src.product.Product object at 0x0000026CFD127020>]
2026-06-22 15:17:53,391 - utils - create_category_from_json - DEBUG - Делай два - red = {'name': 'Смартфоны', 'description': 'Смартфоны, как средство не только коммуникации, но и получение дополнительных функций для удобства жизни', 'products': [<src.product.Product object at 0x0000026CFD16DDB0>, <src.product.Product object at 0x0000026CFD16DE50>, <src.product.Product object at 0x0000026CFD127020>]}
2026-06-22 15:17:53,392 - utils - create_category_from_json - DEBUG - Делай три - fin = [<src.category.Category object at 0x0000026CFD1B0E50>]
2026-06-22 15:17:53,392 - utils - create_category_from_json - DEBUG - Делай ноль - green = {'name': '55" QLED 4K', 'description': 'Фоновая подсветка', 'price': 123000.0, 'quantity': 7}
2026-06-22 15:17:53,392 - utils - create_category_from_json - DEBUG - Делай один - products = [<src.product.Product object at 0x0000026CFD1FC0D0>]
2026-06-22 15:17:53,393 - utils - create_category_from_json - DEBUG - Делай два - red = {'name': 'Телевизоры', 'description': 'Современный телевизор, который позволяет наслаждаться просмотром, станет вашим другом и помощником', 'products': [<src.product.Product object at 0x0000026CFD1FC0D0>]}
2026-06-22 15:17:53,393 - utils - create_category_from_json - DEBUG - Делай три - fin = [<src.category.Category object at 0x0000026CFD1B0E50>, <src.category.Category object at 0x0000026CFD1D0D70>]
2026-06-22 15:17:53,393 - utils - create_category_from_json - DEBUG - Делай четыре - fin = [<src.category.Category object at 0x0000026CFD1B0E50>, <src.category.Category object at 0x0000026CFD1D0D70>]
2026-06-22 15:18:43,471 - utils - create_category_from_json - DEBUG - Делай ноль - green = {'name': 'Samsung Galaxy C23 Ultra', 'description': '256GB, Серый цвет, 200MP камера', 'price': 180000.0, 'quantity': 5}
2026-06-22 15:18:43,471 - utils - create_category_from_json - DEBUG - Делай один - products = [<src.product.Product object at 0x000002CAE23ADDB0>]
2026-06-22 15:18:43,471 - utils - create_category_from_json - DEBUG - Делай два - red = {'name': 'Смартфоны', 'description': 'Смартфоны, как средство не только коммуникации, но и получение дополнительных функций для удобства жизни', 'products': [<src.product.Product object at 0x000002CAE23ADDB0>]}
2026-06-22 15:18:43,471 - utils - create_category_from_json - DEBUG - Делай ноль - green = {'name': 'Iphone 15', 'description': '512GB, Gray space', 'price': 210000.0, 'quantity': 8}
2026-06-22 15:18:43,471 - utils - create_category_from_json - DEBUG - Делай один - products = [<src.product.Product object at 0x000002CAE23ADDB0>, <src.product.Product object at 0x000002CAE23ADE50>]
2026-06-22 15:18:43,471 - utils - create_category_from_json - DEBUG - Делай два - red = {'name': 'Смартфоны', 'description': 'Смартфоны, как средство не только коммуникации, но и получение дополнительных функций для удобства жизни', 'products': [<src.product.Product object at 0x000002CAE23ADDB0>, <src.product.Product object at 0x000002CAE23ADE50>]}
2026-06-22 15:18:43,471 - utils - create_category_from_json - DEBUG - Делай ноль - green = {'name': 'Xiaomi Redmi Note 11', 'description': '1024GB, Синий', 'price': 31000.0, 'quantity': 14}
2026-06-22 15:18:43,471 - utils - create_category_from_json - DEBUG - Делай один - products = [<src.product.Product object at 0x000002CAE23ADDB0>, <src.product.Product object at 0x000002CAE23ADE50>, <src.product.Product object at 0x000002CAE2367020>]
2026-06-22 15:18:43,471 - utils - create_category_from_json - DEBUG - Делай два - red = {'name': 'Смартфоны', 'description': 'Смартфоны, как средство не только коммуникации, но и получение дополнительных функций для удобства жизни', 'products': [<src.product.Product object at 0x000002CAE23ADDB0>, <src.product.Product object at 0x000002CAE23ADE50>, <src.product.Product object at 0x000002CAE2367020>]}
2026-06-22 15:18:43,471 - utils - create_category_from_json - DEBUG - Делай три - fin = [<src.category.Category object at 0x000002CAE23F0E50>]
2026-06-22 15:18:43,471 - utils - create_category_from_json - DEBUG - Делай ноль - green = {'name': '55" QLED 4K', 'description': 'Фоновая подсветка', 'price': 123000.0, 'quantity': 7}
2026-06-22 15:18:43,472 - utils - create_category_from_json - DEBUG - Делай один - products = [<src.product.Product object at 0x000002CAE243C0D0>]
2026-06-22 15:18:43,472 - utils - create_category_from_json - DEBUG - Делай два - red = {'name': 'Телевизоры', 'description': 'Современный телевизор, который позволяет наслаждаться просмотром, станет вашим другом и помощником', 'products': [<src.product.Product object at 0x000002CAE243C0D0>]}
2026-06-22 15:18:43,472 - utils - create_category_from_json - DEBUG - Делай три - fin = [<src.category.Category object at 0x000002CAE23F0E50>, <src.category.Category object at 0x000002CAE2410D70>]
2026-06-22 15:18:43,472 - utils - create_category_from_json - DEBUG - Делай четыре - fin = [<src.category.Category object at 0x000002CAE23F0E50>, <src.category.Category object at 0x000002CAE2410D70>]
2026-06-22 15:21:11,599 - utils - create_category_from_json - DEBUG - Делай ноль - green = {'name': 'Samsung Galaxy C23 Ultra', 'description': '256GB, Серый цвет, 200MP камера', 'price': 180000.0, 'quantity': 5}
2026-06-22 15:21:11,599 - utils - create_category_from_json - DEBUG - Делай один - products = [<src.product.Product object at 0x0000020F83E8DDB0>]
2026-06-22 15:21:11,599 - utils - create_category_from_json - DEBUG - Делай два - red = {'name': 'Смартфоны', 'description': 'Смартфоны, как средство не только коммуникации, но и получение дополнительных функций для удобства жизни', 'products': [<src.product.Product object at 0x0000020F83E8DDB0>]}
2026-06-22 15:21:11,599 - utils - create_category_from_json - DEBUG - Делай ноль - green = {'name': 'Iphone 15', 'description': '512GB, Gray space', 'price': 210000.0, 'quantity': 8}
2026-06-22 15:21:11,599 - utils - create_category_from_json - DEBUG - Делай один - products = [<src.product.Product object at 0x0000020F83E8DDB0>, <src.product.Product object at 0x0000020F83E8DE50>]
2026-06-22 15:21:11,599 - utils - create_category_from_json - DEBUG - Делай два - red = {'name': 'Смартфоны', 'description': 'Смартфоны, как средство не только коммуникации, но и получение дополнительных функций для удобства жизни', 'products': [<src.product.Product object at 0x0000020F83E8DDB0>, <src.product.Product object at 0x0000020F83E8DE50>]}
2026-06-22 15:21:11,599 - utils - create_category_from_json - DEBUG - Делай ноль - green = {'name': 'Xiaomi Redmi Note 11', 'description': '1024GB, Синий', 'price': 31000.0, 'quantity': 14}
2026-06-22 15:21:11,599 - utils - create_category_from_json - DEBUG - Делай один - products = [<src.product.Product object at 0x0000020F83E8DDB0>, <src.product.Product object at 0x0000020F83E8DE50>, <src.product.Product object at 0x0000020F83E470B0>]
2026-06-22 15:21:11,599 - utils - create_category_from_json - DEBUG - Делай два - red = {'name': 'Смартфоны', 'description': 'Смартфоны, как средство не только коммуникации, но и получение дополнительных функций для удобства жизни', 'products': [<src.product.Product object at 0x0000020F83E8DDB0>, <src.product.Product object at 0x0000020F83E8DE50>, <src.product.Product object at 0x0000020F83E470B0>]}
2026-06-22 15:21:11,599 - utils - create_category_from_json - DEBUG - Делай три - fin = [<src.category.Category object at 0x0000020F83ECCE50>]
2026-06-22 15:21:11,599 - utils - create_category_from_json - DEBUG - Делай ноль - green = {'name': '55" QLED 4K', 'description': 'Фоновая подсветка', 'price': 123000.0, 'quantity': 7}
2026-06-22 15:21:11,599 - utils - create_category_from_json - DEBUG - Делай один - products = [<src.product.Product object at 0x0000020F83F1C050>]
2026-06-22 15:21:11,599 - utils - create_category_from_json - DEBUG - Делай два - red = {'name': 'Телевизоры', 'description': 'Современный телевизор, который позволяет наслаждаться просмотром, станет вашим другом и помощником', 'products': [<src.product.Product object at 0x0000020F83F1C050>]}
2026-06-22 15:21:11,599 - utils - create_category_from_json - DEBUG - Делай три - fin = [<src.category.Category object at 0x0000020F83ECCE50>, <src.category.Category object at 0x0000020F83EF0D70>]
2026-06-22 15:21:11,599 - utils - create_category_from_json - DEBUG - Делай четыре - fin = [<src.category.Category object at 0x0000020F83ECCE50>, <src.category.Category object at 0x0000020F83EF0D70>]
2026-06-22 15:26:43,512 - utils - create_category_from_json - DEBUG - Делай ноль - green = {'name': 'Samsung Galaxy C23 Ultra', 'description': '256GB, Серый цвет, 200MP камера', 'price': 180000.0, 'quantity': 5}
2026-06-22 15:26:43,512 - utils - create_category_from_json - DEBUG - Делай один - products = [<src.product.Product object at 0x000002E2C778DDB0>]
2026-06-22 15:26:43,512 - utils - create_category_from_json - DEBUG - Делай два - red = {'name': 'Смартфоны', 'description': 'Смартфоны, как средство не только коммуникации, но и получение дополнительных функций для удобства жизни', 'products': [<src.product.Product object at 0x000002E2C778DDB0>]}
2026-06-22 15:26:43,512 - utils - create_category_from_json - DEBUG - Делай ноль - green = {'name': 'Iphone 15', 'description': '512GB, Gray space', 'price': 210000.0, 'quantity': 8}
2026-06-22 15:26:43,512 - utils - create_category_from_json - DEBUG - Делай один - products = [<src.product.Product object at 0x000002E2C778DDB0>, <src.product.Product object at 0x000002E2C778DE50>]
2026-06-22 15:26:43,512 - utils - create_category_from_json - DEBUG - Делай два - red = {'name': 'Смартфоны', 'description': 'Смартфоны, как средство не только коммуникации, но и получение дополнительных функций для удобства жизни', 'products': [<src.product.Product object at 0x000002E2C778DDB0>, <src.product.Product object at 0x000002E2C778DE50>]}
2026-06-22 15:26:43,512 - utils - create_category_from_json - DEBUG - Делай ноль - green = {'name': 'Xiaomi Redmi Note 11', 'description': '1024GB, Синий', 'price': 31000.0, 'quantity': 14}
2026-06-22 15:26:43,513 - utils - create_category_from_json - DEBUG - Делай один - products = [<src.product.Product object at 0x000002E2C778DDB0>, <src.product.Product object at 0x000002E2C778DE50>, <src.product.Product object at 0x000002E2C77470B0>]
2026-06-22 15:26:43,513 - utils - create_category_from_json - DEBUG - Делай два - red = {'name': 'Смартфоны', 'description': 'Смартфоны, как средство не только коммуникации, но и получение дополнительных функций для удобства жизни', 'products': [<src.product.Product object at 0x000002E2C778DDB0>, <src.product.Product object at 0x000002E2C778DE50>, <src.product.Product object at 0x000002E2C77470B0>]}
2026-06-22 15:26:43,513 - utils - create_category_from_json - DEBUG - Делай три - fin = [<src.category.Category object at 0x000002E2C77D0E50>]
2026-06-22 15:26:43,513 - utils - create_category_from_json - DEBUG - Делай ноль - green = {'name': '55" QLED 4K', 'description': 'Фоновая подсветка', 'price': 123000.0, 'quantity': 7}
2026-06-22 15:26:43,513 - utils - create_category_from_json - DEBUG - Делай один - products = [<src.product.Product object at 0x000002E2C781C050>]
2026-06-22 15:26:43,513 - utils - create_category_from_json - DEBUG - Делай два - red = {'name': 'Телевизоры', 'description': 'Современный телевизор, который позволяет наслаждаться просмотром, станет вашим другом и помощником', 'products': [<src.product.Product object at 0x000002E2C781C050>]}
2026-06-22 15:26:43,513 - utils - create_category_from_json - DEBUG - Делай три - fin = [<src.category.Category object at 0x000002E2C77D0E50>, <src.category.Category object at 0x000002E2C77F0D70>]
2026-06-22 15:26:43,513 - utils - create_category_from_json - DEBUG - Делай четыре - fin = [<src.category.Category object at 0x000002E2C77D0E50>, <src.category.Category object at 0x000002E2C77F0D70>]
2026-06-22 15:30:03,209 - utils - create_category_from_json - DEBUG - Делай ноль - green = {'name': 'Samsung Galaxy C23 Ultra', 'description': '256GB, Серый цвет, 200MP камера', 'price': 180000.0, 'quantity': 5}
2026-06-22 15:30:03,210 - utils - create_category_from_json - DEBUG - Делай один - products = [<src.product.Product object at 0x000002307D9CDC70>]
2026-06-22 15:30:03,210 - utils - create_category_from_json - DEBUG - Делай два - red = {'name': 'Смартфоны', 'description': 'Смартфоны, как средство не только коммуникации, но и получение дополнительных функций для удобства жизни', 'products': [<src.product.Product object at 0x000002307D9CDC70>]}
2026-06-22 15:30:03,210 - utils - create_category_from_json - DEBUG - Делай ноль - green = {'name': 'Iphone 15', 'description': '512GB, Gray space', 'price': 210000.0, 'quantity': 8}
2026-06-22 15:30:03,210 - utils - create_category_from_json - DEBUG - Делай один - products = [<src.product.Product object at 0x000002307D9CDC70>, <src.product.Product object at 0x000002307D9CDD10>]
2026-06-22 15:30:03,210 - utils - create_category_from_json - DEBUG - Делай два - red = {'name': 'Смартфоны', 'description': 'Смартфоны, как средство не только коммуникации, но и получение дополнительных функций для удобства жизни', 'products': [<src.product.Product object at 0x000002307D9CDC70>, <src.product.Product object at 0x000002307D9CDD10>]}
2026-06-22 15:30:03,210 - utils - create_category_from_json - DEBUG - Делай ноль - green = {'name': 'Xiaomi Redmi Note 11', 'description': '1024GB, Синий', 'price': 31000.0, 'quantity': 14}
2026-06-22 15:30:03,210 - utils - create_category_from_json - DEBUG - Делай один - products = [<src.product.Product object at 0x000002307D9CDC70>, <src.product.Product object at 0x000002307D9CDD10>, <src.product.Product object at 0x000002307D9856D0>]
2026-06-22 15:30:03,210 - utils - create_category_from_json - DEBUG - Делай два - red = {'name': 'Смартфоны', 'description': 'Смартфоны, как средство не только коммуникации, но и получение дополнительных функций для удобства жизни', 'products': [<src.product.Product object at 0x000002307D9CDC70>, <src.product.Product object at 0x000002307D9CDD10>, <src.product.Product object at 0x000002307D9856D0>]}
2026-06-22 15:30:03,210 - utils - create_category_from_json - DEBUG - Делай три - fin = [<src.category.Category object at 0x000002307DA10250>]
2026-06-22 15:30:03,210 - utils - create_category_from_json - DEBUG - Делай ноль - green = {'name': '55" QLED 4K', 'description': 'Фоновая подсветка', 'price': 123000.0, 'quantity': 7}
2026-06-22 15:30:03,210 - utils - create_category_from_json - DEBUG - Делай один - products = [<src.product.Product object at 0x000002307DA32150>]
2026-06-22 15:30:03,210 - utils - create_category_from_json - DEBUG - Делай два - red = {'name': 'Телевизоры', 'description': 'Современный телевизор, который позволяет наслаждаться просмотром, станет вашим другом и помощником', 'products': [<src.product.Product object at 0x000002307DA32150>]}
2026-06-22 15:30:03,210 - utils - create_category_from_json - DEBUG - Делай три - fin = [<src.category.Category object at 0x000002307DA10250>, <src.category.Category object at 0x000002307DA3C230>]
2026-06-22 15:30:03,210 - utils - create_category_from_json - DEBUG - Делай четыре - fin = [<src.category.Category object at 0x000002307DA10250>, <src.category.Category object at 0x000002307DA3C230>]
2026-06-22 15:32:03,003 - utils - create_category_from_json - DEBUG - Делай ноль - green = {'name': 'Samsung Galaxy C23 Ultra', 'description': '256GB, Серый цвет, 200MP камера', 'price': 180000.0, 'quantity': 5}
2026-06-22 15:32:03,003 - utils - create_category_from_json - DEBUG - Делай один - products = [<src.product.Product object at 0x00000213CF740D50>]
2026-06-22 15:32:03,003 - utils - create_category_from_json - DEBUG - Делай два - red = {'name': 'Смартфоны', 'description': 'Смартфоны, как средство не только коммуникации, но и получение дополнительных функций для удобства жизни', 'products': [<src.product.Product object at 0x00000213CF740D50>]}
2026-06-22 15:32:03,003 - utils - create_category_from_json - DEBUG - Делай ноль - green = {'name': 'Iphone 15', 'description': '512GB, Gray space', 'price': 210000.0, 'quantity': 8}
2026-06-22 15:32:03,003 - utils - create_category_from_json - DEBUG - Делай один - products = [<src.product.Product object at 0x00000213CF740D50>, <src.product.Product object at 0x00000213CF6C2350>]
2026-06-22 15:32:03,003 - utils - create_category_from_json - DEBUG - Делай два - red = {'name': 'Смартфоны', 'description': 'Смартфоны, как средство не только коммуникации, но и получение дополнительных функций для удобства жизни', 'products': [<src.product.Product object at 0x00000213CF740D50>, <src.product.Product object at 0x00000213CF6C2350>]}
2026-06-22 15:32:03,003 - utils - create_category_from_json - DEBUG - Делай ноль - green = {'name': 'Xiaomi Redmi Note 11', 'description': '1024GB, Синий', 'price': 31000.0, 'quantity': 14}
2026-06-22 15:32:03,003 - utils - create_category_from_json - DEBUG - Делай один - products = [<src.product.Product object at 0x00000213CF740D50>, <src.product.Product object at 0x00000213CF6C2350>, <src.product.Product object at 0x00000213CF70AEB0>]
2026-06-22 15:32:03,003 - utils - create_category_from_json - DEBUG - Делай два - red = {'name': 'Смартфоны', 'description': 'Смартфоны, как средство не только коммуникации, но и получение дополнительных функций для удобства жизни', 'products': [<src.product.Product object at 0x00000213CF740D50>, <src.product.Product object at 0x00000213CF6C2350>, <src.product.Product object at 0x00000213CF70AEB0>]}
2026-06-22 15:32:03,003 - utils - create_category_from_json - DEBUG - Делай три - fin = [<src.category.Category object at 0x00000213CF6E9950>]
2026-06-22 15:32:03,004 - utils - create_category_from_json - DEBUG - Делай ноль - green = {'name': '55" QLED 4K', 'description': 'Фоновая подсветка', 'price': 123000.0, 'quantity': 7}
2026-06-22 15:32:03,004 - utils - create_category_from_json - DEBUG - Делай один - products = [<src.product.Product object at 0x00000213CF70A6D0>]
2026-06-22 15:32:03,004 - utils - create_category_from_json - DEBUG - Делай два - red = {'name': 'Телевизоры', 'description': 'Современный телевизор, который позволяет наслаждаться просмотром, станет вашим другом и помощником', 'products': [<src.product.Product object at 0x00000213CF70A6D0>]}
2026-06-22 15:32:03,004 - utils - create_category_from_json - DEBUG - Делай три - fin = [<src.category.Category object at 0x00000213CF6E9950>, <src.category.Category object at 0x00000213CF72DB80>]
2026-06-22 15:32:03,004 - utils - create_category_from_json - DEBUG - Делай четыре - fin = [<src.category.Category object at 0x00000213CF6E9950>, <src.category.Category object at 0x00000213CF72DB80>]
2026-06-22 15:33:43,395 - utils - create_category_from_json - DEBUG - Делай ноль - green = {'name': 'Samsung Galaxy C23 Ultra', 'description': '256GB, Серый цвет, 200MP камера', 'price': 180000.0, 'quantity': 5}
2026-06-22 15:33:43,396 - utils - create_category_from_json - DEBUG - Делай один - products = [<src.product.Product object at 0x000002B34EAC4850>]
2026-06-22 15:33:43,396 - utils - create_category_from_json - DEBUG - Делай два - red = {'name': 'Смартфоны', 'description': 'Смартфоны, как средство не только коммуникации, но и получение дополнительных функций для удобства жизни', 'products': [<src.product.Product object at 0x000002B34EAC4850>]}
2026-06-22 15:33:43,396 - utils - create_category_from_json - DEBUG - Делай ноль - green = {'name': 'Iphone 15', 'description': '512GB, Gray space', 'price': 210000.0, 'quantity': 8}
2026-06-22 15:33:43,396 - utils - create_category_from_json - DEBUG - Делай один - products = [<src.product.Product object at 0x000002B34EAC4850>, <src.product.Product object at 0x000002B34EA52740>]
2026-06-22 15:33:43,396 - utils - create_category_from_json - DEBUG - Делай два - red = {'name': 'Смартфоны', 'description': 'Смартфоны, как средство не только коммуникации, но и получение дополнительных функций для удобства жизни', 'products': [<src.product.Product object at 0x000002B34EAC4850>, <src.product.Product object at 0x000002B34EA52740>]}
2026-06-22 15:33:43,396 - utils - create_category_from_json - DEBUG - Делай ноль - green = {'name': 'Xiaomi Redmi Note 11', 'description': '1024GB, Синий', 'price': 31000.0, 'quantity': 14}
2026-06-22 15:33:43,396 - utils - create_category_from_json - DEBUG - Делай один - products = [<src.product.Product object at 0x000002B34EAC4850>, <src.product.Product object at 0x000002B34EA52740>, <src.product.Product object at 0x000002B34EAA2E40>]
2026-06-22 15:33:43,396 - utils - create_category_from_json - DEBUG - Делай два - red = {'name': 'Смартфоны', 'description': 'Смартфоны, как средство не только коммуникации, но и получение дополнительных функций для удобства жизни', 'products': [<src.product.Product object at 0x000002B34EAC4850>, <src.product.Product object at 0x000002B34EA52740>, <src.product.Product object at 0x000002B34EAA2E40>]}
2026-06-22 15:33:43,396 - utils - create_category_from_json - DEBUG - Делай три - fin = [<src.category.Category object at 0x000002B34EA79950>]
2026-06-22 15:33:43,396 - utils - create_category_from_json - DEBUG - Делай ноль - green = {'name': '55" QLED 4K', 'description': 'Фоновая подсветка', 'price': 123000.0, 'quantity': 7}
2026-06-22 15:33:43,396 - utils - create_category_from_json - DEBUG - Делай один - products = [<src.product.Product object at 0x000002B34EAA2660>]
2026-06-22 15:33:43,396 - utils - create_category_from_json - DEBUG - Делай два - red = {'name': 'Телевизоры', 'description': 'Современный телевизор, который позволяет наслаждаться просмотром, станет вашим другом и помощником', 'products': [<src.product.Product object at 0x000002B34EAA2660>]}
2026-06-22 15:33:43,396 - utils - create_category_from_json - DEBUG - Делай три - fin = [<src.category.Category object at 0x000002B34EA79950>, <src.category.Category object at 0x000002B34EA95B80>]
2026-06-22 15:33:43,396 - utils - create_category_from_json - DEBUG - Делай четыре - fin = [<src.category.Category object at 0x000002B34EA79950>, <src.category.Category object at 0x000002B34EA95B80>]
2026-06-22 15:35:24,609 - utils - create_category_from_json - DEBUG - Делай ноль - green = {'name': 'Samsung Galaxy C23 Ultra', 'description': '256GB, Серый цвет, 200MP камера', 'price': 180000.0, 'quantity': 5}
2026-06-22 15:35:24,610 - utils - create_category_from_json - DEBUG - Делай один - products = [<src.product.Product object at 0x00000251E8384850>]
2026-06-22 15:35:24,610 - utils - create_category_from_json - DEBUG - Делай два - red = {'name': 'Смартфоны', 'description': 'Смартфоны, как средство не только коммуникации, но и получение дополнительных функций для удобства жизни', 'products': [<src.product.Product object at 0x00000251E8384850>]}
2026-06-22 15:35:24,610 - utils - create_category_from_json - DEBUG - Делай ноль - green = {'name': 'Iphone 15', 'description': '512GB, Gray space', 'price': 210000.0, 'quantity': 8}
2026-06-22 15:35:24,610 - utils - create_category_from_json - DEBUG - Делай один - products = [<src.product.Product object at 0x00000251E8384850>, <src.product.Product object at 0x00000251E8312740>]
2026-06-22 15:35:24,610 - utils - create_category_from_json - DEBUG - Делай два - red = {'name': 'Смартфоны', 'description': 'Смартфоны, как средство не только коммуникации, но и получение дополнительных функций для удобства жизни', 'products': [<src.product.Product object at 0x00000251E8384850>, <src.product.Product object at 0x00000251E8312740>]}
2026-06-22 15:35:24,610 - utils - create_category_from_json - DEBUG - Делай ноль - green = {'name': 'Xiaomi Redmi Note 11', 'description': '1024GB, Синий', 'price': 31000.0, 'quantity': 14}
2026-06-22 15:35:24,610 - utils - create_category_from_json - DEBUG - Делай один - products = [<src.product.Product object at 0x00000251E8384850>, <src.product.Product object at 0x00000251E8312740>, <src.product.Product object at 0x00000251E8362E40>]
2026-06-22 15:35:24,610 - utils - create_category_from_json - DEBUG - Делай два - red = {'name': 'Смартфоны', 'description': 'Смартфоны, как средство не только коммуникации, но и получение дополнительных функций для удобства жизни', 'products': [<src.product.Product object at 0x00000251E8384850>, <src.product.Product object at 0x00000251E8312740>, <src.product.Product object at 0x00000251E8362E40>]}
2026-06-22 15:35:24,610 - utils - create_category_from_json - DEBUG - Делай три - fin = [<src.category.Category object at 0x00000251E8339950>]
2026-06-22 15:35:24,610 - utils - create_category_from_json - DEBUG - Делай ноль - green = {'name': '55" QLED 4K', 'description': 'Фоновая подсветка', 'price': 123000.0, 'quantity': 7}
2026-06-22 15:35:24,610 - utils - create_category_from_json - DEBUG - Делай один - products = [<src.product.Product object at 0x00000251E8362660>]
2026-06-22 15:35:24,610 - utils - create_category_from_json - DEBUG - Делай два - red = {'name': 'Телевизоры', 'description': 'Современный телевизор, который позволяет наслаждаться просмотром, станет вашим другом и помощником', 'products': [<src.product.Product object at 0x00000251E8362660>]}
2026-06-22 15:35:24,610 - utils - create_category_from_json - DEBUG - Делай три - fin = [<src.category.Category object at 0x00000251E8339950>, <src.category.Category object at 0x00000251E8355B80>]
2026-06-22 15:35:24,610 - utils - create_category_from_json - DEBUG - Делай четыре - fin = [<src.category.Category object at 0x00000251E8339950>, <src.category.Category object at 0x00000251E8355B80>]
2026-06-22 15:36:08,663 - utils - create_category_from_json - DEBUG - Делай ноль - green = {'name': 'Samsung Galaxy C23 Ultra', 'description': '256GB, Серый цвет, 200MP камера', 'price': 180000.0, 'quantity': 5}
2026-06-22 15:36:08,663 - utils - create_category_from_json - DEBUG - Делай один - products = [<src.product.Product object at 0x0000018B4B514850>]
2026-06-22 15:36:08,663 - utils - create_category_from_json - DEBUG - Делай два - red = {'name': 'Смартфоны', 'description': 'Смартфоны, как средство не только коммуникации, но и получение дополнительных функций для удобства жизни', 'products': [<src.product.Product object at 0x0000018B4B514850>]}
2026-06-22 15:36:08,663 - utils - create_category_from_json - DEBUG - Делай ноль - green = {'name': 'Iphone 15', 'description': '512GB, Gray space', 'price': 210000.0, 'quantity': 8}
2026-06-22 15:36:08,663 - utils - create_category_from_json - DEBUG - Делай один - products = [<src.product.Product object at 0x0000018B4B514850>, <src.product.Product object at 0x0000018B4B4A2740>]
2026-06-22 15:36:08,663 - utils - create_category_from_json - DEBUG - Делай два - red = {'name': 'Смартфоны', 'description': 'Смартфоны, как средство не только коммуникации, но и получение дополнительных функций для удобства жизни', 'products': [<src.product.Product object at 0x0000018B4B514850>, <src.product.Product object at 0x0000018B4B4A2740>]}
2026-06-22 15:36:08,663 - utils - create_category_from_json - DEBUG - Делай ноль - green = {'name': 'Xiaomi Redmi Note 11', 'description': '1024GB, Синий', 'price': 31000.0, 'quantity': 14}
2026-06-22 15:36:08,663 - utils - create_category_from_json - DEBUG - Делай один - products = [<src.product.Product object at 0x0000018B4B514850>, <src.product.Product object at 0x0000018B4B4A2740>, <src.product.Product object at 0x0000018B4B4F2F20>]
2026-06-22 15:36:08,663 - utils - create_category_from_json - DEBUG - Делай два - red = {'name': 'Смартфоны', 'description': 'Смартфоны, как средство не только коммуникации, но и получение дополнительных функций для удобства жизни', 'products': [<src.product.Product object at 0x0000018B4B514850>, <src.product.Product object at 0x0000018B4B4A2740>, <src.product.Product object at 0x0000018B4B4F2F20>]}
2026-06-22 15:36:08,663 - utils - create_category_from_json - DEBUG - Делай три - fin = [<src.category.Category object at 0x0000018B4B4C9950>]
2026-06-22 15:36:08,663 - utils - create_category_from_json - DEBUG - Делай ноль - green = {'name': '55" QLED 4K', 'description': 'Фоновая подсветка', 'price': 123000.0, 'quantity': 7}
2026-06-22 15:36:08,663 - utils - create_category_from_json - DEBUG - Делай один - products = [<src.product.Product object at 0x0000018B4B4F2740>]
2026-06-22 15:36:08,664 - utils - create_category_from_json - DEBUG - Делай два - red = {'name': 'Телевизоры', 'description': 'Современный телевизор, который позволяет наслаждаться просмотром, станет вашим другом и помощником', 'products': [<src.product.Product object at 0x0000018B4B4F2740>]}
2026-06-22 15:36:08,664 - utils - create_category_from_json - DEBUG - Делай три - fin = [<src.category.Category object at 0x0000018B4B4C9950>, <src.category.Category object at 0x0000018B4B4E5B80>]
2026-06-22 15:36:08,664 - utils - create_category_from_json - DEBUG - Делай четыре - fin = [<src.category.Category object at 0x0000018B4B4C9950>, <src.category.Category object at 0x0000018B4B4E5B80>]
2026-06-22 15:41:18,393 - utils - create_category_from_json - DEBUG - Делай ноль - green = {'name': 'Samsung Galaxy C23 Ultra', 'description': '256GB, Серый цвет, 200MP камера', 'price': 180000.0, 'quantity': 5}
2026-06-22 15:41:18,393 - utils - create_category_from_json - DEBUG - Делай один - products = [<src.product.Product object at 0x000001E54DB30850>]
2026-06-22 15:41:18,393 - utils - create_category_from_json - DEBUG - Делай два - red = {'name': 'Смартфоны', 'description': 'Смартфоны, как средство не только коммуникации, но и получение дополнительных функций для удобства жизни', 'products': [<src.product.Product object at 0x000001E54DB30850>]}
2026-06-22 15:41:18,393 - utils - create_category_from_json - DEBUG - Делай ноль - green = {'name': 'Iphone 15', 'description': '512GB, Gray space', 'price': 210000.0, 'quantity': 8}
2026-06-22 15:41:18,393 - utils - create_category_from_json - DEBUG - Делай один - products = [<src.product.Product object at 0x000001E54DB30850>, <src.product.Product object at 0x000001E54DAC2740>]
2026-06-22 15:41:18,393 - utils - create_category_from_json - DEBUG - Делай два - red = {'name': 'Смартфоны', 'description': 'Смартфоны, как средство не только коммуникации, но и получение дополнительных функций для удобства жизни', 'products': [<src.product.Product object at 0x000001E54DB30850>, <src.product.Product object at 0x000001E54DAC2740>]}
2026-06-22 15:41:18,393 - utils - create_category_from_json - DEBUG - Делай ноль - green = {'name': 'Xiaomi Redmi Note 11', 'description': '1024GB, Синий', 'price': 31000.0, 'quantity': 14}
2026-06-22 15:41:18,393 - utils - create_category_from_json - DEBUG - Делай один - products = [<src.product.Product object at 0x000001E54DB30850>, <src.product.Product object at 0x000001E54DAC2740>, <src.product.Product object at 0x000001E54DB12D60>]
2026-06-22 15:41:18,393 - utils - create_category_from_json - DEBUG - Делай два - red = {'name': 'Смартфоны', 'description': 'Смартфоны, как средство не только коммуникации, но и получение дополнительных функций для удобства жизни', 'products': [<src.product.Product object at 0x000001E54DB30850>, <src.product.Product object at 0x000001E54DAC2740>, <src.product.Product object at 0x000001E54DB12D60>]}
2026-06-22 15:41:18,393 - utils - create_category_from_json - DEBUG - Делай три - fin = [<src.category.Category object at 0x000001E54DAE9350>]
2026-06-22 15:41:18,393 - utils - create_category_from_json - DEBUG - Делай ноль - green = {'name': '55" QLED 4K', 'description': 'Фоновая подсветка', 'price': 123000.0, 'quantity': 7}
2026-06-22 15:41:18,393 - utils - create_category_from_json - DEBUG - Делай один - products = [<src.product.Product object at 0x000001E54DB125F0>]
2026-06-22 15:41:18,393 - utils - create_category_from_json - DEBUG - Делай два - red = {'name': 'Телевизоры', 'description': 'Современный телевизор, который позволяет наслаждаться просмотром, станет вашим другом и помощником', 'products': [<src.product.Product object at 0x000001E54DB125F0>]}
2026-06-22 15:41:18,393 - utils - create_category_from_json - DEBUG - Делай три - fin = [<src.category.Category object at 0x000001E54DAE9350>, <src.category.Category object at 0x000001E54DB05040>]
2026-06-22 15:41:18,393 - utils - create_category_from_json - DEBUG - Делай четыре - fin = [<src.category.Category object at 0x000001E54DAE9350>, <src.category.Category object at 0x000001E54DB05040>]
2026-06-22 15:42:35,187 - utils - create_category_from_json - DEBUG - Делай ноль - green = {'name': 'Samsung Galaxy C23 Ultra', 'description': '256GB, Серый цвет, 200MP камера', 'price': 180000.0, 'quantity': 5}
2026-06-22 15:42:35,187 - utils - create_category_from_json - DEBUG - Делай один - products = [<src.product.Product object at 0x000002D5E345E650>]
2026-06-22 15:42:35,187 - utils - create_category_from_json - DEBUG - Делай два - red = {'name': 'Смартфоны', 'description': 'Смартфоны, как средство не только коммуникации, но и получение дополнительных функций для удобства жизни', 'products': [<src.product.Product object at 0x000002D5E345E650>]}
2026-06-22 15:42:35,187 - utils - create_category_from_json - DEBUG - Делай ноль - green = {'name': 'Iphone 15', 'description': '512GB, Gray space', 'price': 210000.0, 'quantity': 8}
2026-06-22 15:42:35,187 - utils - create_category_from_json - DEBUG - Делай один - products = [<src.product.Product object at 0x000002D5E345E650>, <src.product.Product object at 0x000002D5E3413F50>]
2026-06-22 15:42:35,187 - utils - create_category_from_json - DEBUG - Делай два - red = {'name': 'Смартфоны', 'description': 'Смартфоны, как средство не только коммуникации, но и получение дополнительных функций для удобства жизни', 'products': [<src.product.Product object at 0x000002D5E345E650>, <src.product.Product object at 0x000002D5E3413F50>]}
2026-06-22 15:42:35,187 - utils - create_category_from_json - DEBUG - Делай ноль - green = {'name': 'Xiaomi Redmi Note 11', 'description': '1024GB, Синий', 'price': 31000.0, 'quantity': 14}
2026-06-22 15:42:35,187 - utils - create_category_from_json - DEBUG - Делай один - products = [<src.product.Product object at 0x000002D5E345E650>, <src.product.Product object at 0x000002D5E3413F50>, <src.product.Product object at 0x000002D5E34133F0>]
2026-06-22 15:42:35,187 - utils - create_category_from_json - DEBUG - Делай два - red = {'name': 'Смартфоны', 'description': 'Смартфоны, как средство не только коммуникации, но и получение дополнительных функций для удобства жизни', 'products': [<src.product.Product object at 0x000002D5E345E650>, <src.product.Product object at 0x000002D5E3413F50>, <src.product.Product object at 0x000002D5E34133F0>]}
2026-06-22 15:42:35,187 - utils - create_category_from_json - DEBUG - Делай три - fin = [<src.category.Category object at 0x000002D5E3438E50>]
2026-06-22 15:42:35,187 - utils - create_category_from_json - DEBUG - Делай ноль - green = {'name': '55" QLED 4K', 'description': 'Фоновая подсветка', 'price': 123000.0, 'quantity': 7}
2026-06-22 15:42:35,187 - utils - create_category_from_json - DEBUG - Делай один - products = [<src.product.Product object at 0x000002D5E3413E70>]
2026-06-22 15:42:35,187 - utils - create_category_from_json - DEBUG - Делай два - red = {'name': 'Телевизоры', 'description': 'Современный телевизор, который позволяет наслаждаться просмотром, станет вашим другом и помощником', 'products': [<src.product.Product object at 0x000002D5E3413E70>]}
2026-06-22 15:42:35,187 - utils - create_category_from_json - DEBUG - Делай три - fin = [<src.category.Category object at 0x000002D5E3438E50>, <src.category.Category object at 0x000002D5E3454500>]
2026-06-22 15:42:35,187 - utils - create_category_from_json - DEBUG - Делай четыре - fin = [<src.category.Category object at 0x000002D5E3438E50>, <src.category.Category object at 0x000002D5E3454500>]
2026-06-22 15:42:49,315 - utils - create_category_from_json - DEBUG - Делай ноль - green = {'name': 'Samsung Galaxy C23 Ultra', 'description': '256GB, Серый цвет, 200MP камера', 'price': 180000.0, 'quantity': 5}
2026-06-22 15:42:49,315 - utils - create_category_from_json - DEBUG - Делай один - products = [<src.product.Product object at 0x000001E81EAE45D0>]
2026-06-22 15:42:49,315 - utils - create_category_from_json - DEBUG - Делай два - red = {'name': 'Смартфоны', 'description': 'Смартфоны, как средство не только коммуникации, но и получение дополнительных функций для удобства жизни', 'products': [<src.product.Product object at 0x000001E81EAE45D0>]}
2026-06-22 15:42:49,315 - utils - create_category_from_json - DEBUG - Делай ноль - green = {'name': 'Iphone 15', 'description': '512GB, Gray space', 'price': 210000.0, 'quantity': 8}
2026-06-22 15:42:49,315 - utils - create_category_from_json - DEBUG - Делай один - products = [<src.product.Product object at 0x000001E81EAE45D0>, <src.product.Product object at 0x000001E81EA8FCB0>]
2026-06-22 15:42:49,315 - utils - create_category_from_json - DEBUG - Делай два - red = {'name': 'Смартфоны', 'description': 'Смартфоны, как средство не только коммуникации, но и получение дополнительных функций для удобства жизни', 'products': [<src.product.Product object at 0x000001E81EAE45D0>, <src.product.Product object at 0x000001E81EA8FCB0>]}
2026-06-22 15:42:49,315 - utils - create_category_from_json - DEBUG - Делай ноль - green = {'name': 'Xiaomi Redmi Note 11', 'description': '1024GB, Синий', 'price': 31000.0, 'quantity': 14}
2026-06-22 15:42:49,315 - utils - create_category_from_json - DEBUG - Делай один - products = [<src.product.Product object at 0x000001E81EAE45D0>, <src.product.Product object at 0x000001E81EA8FCB0>, <src.product.Product object at 0x000001E81EA8F8C0>]
2026-06-22 15:42:49,315 - utils - create_category_from_json - DEBUG - Делай два - red = {'name': 'Смартфоны', 'description': 'Смартфоны, как средство не только коммуникации, но и получение дополнительных функций для удобства жизни', 'products': [<src.product.Product object at 0x000001E81EAE45D0>, <src.product.Product object at 0x000001E81EA8FCB0>, <src.product.Product object at 0x000001E81EA8F8C0>]}
2026-06-22 15:42:49,315 - utils - create_category_from_json - DEBUG - Делай три - fin = [<src.category.Category object at 0x000001E81EA11C50>]
2026-06-22 15:42:49,315 - utils - create_category_from_json - DEBUG - Делай ноль - green = {'name': '55" QLED 4K', 'description': 'Фоновая подсветка', 'price': 123000.0, 'quantity': 7}
2026-06-22 15:42:49,315 - utils - create_category_from_json - DEBUG - Делай один - products = [<src.product.Product object at 0x000001E81EA8FB60>]
2026-06-22 15:42:49,315 - utils - create_category_from_json - DEBUG - Делай два - red = {'name': 'Телевизоры', 'description': 'Современный телевизор, который позволяет наслаждаться просмотром, станет вашим другом и помощником', 'products': [<src.product.Product object at 0x000001E81EA8FB60>]}
2026-06-22 15:42:49,315 - utils - create_category_from_json - DEBUG - Делай три - fin = [<src.category.Category object at 0x000001E81EA11C50>, <src.category.Category object at 0x000001E81E98F6B0>]
2026-06-22 15:42:49,315 - utils - create_category_from_json - DEBUG - Делай четыре - fin = [<src.category.Category object at 0x000001E81EA11C50>, <src.category.Category object at 0x000001E81E98F6B0>]
2026-06-22 15:46:20,595 - utils - create_category_from_json - DEBUG - Делай ноль - green = {'name': 'Samsung Galaxy C23 Ultra', 'description': '256GB, Серый цвет, 200MP камера', 'price': 180000.0, 'quantity': 5}
2026-06-22 15:46:20,595 - utils - create_category_from_json - DEBUG - Делай один - products = [<src.product.Product object at 0x0000018334806150>]
2026-06-22 15:46:20,595 - utils - create_category_from_json - DEBUG - Делай два - red = {'name': 'Смартфоны', 'description': 'Смартфоны, как средство не только коммуникации, но и получение дополнительных функций для удобства жизни', 'products': [<src.product.Product object at 0x0000018334806150>]}
2026-06-22 15:46:20,595 - utils - create_category_from_json - DEBUG - Делай ноль - green = {'name': 'Iphone 15', 'description': '512GB, Gray space', 'price': 210000.0, 'quantity': 8}
2026-06-22 15:46:20,595 - utils - create_category_from_json - DEBUG - Делай один - products = [<src.product.Product object at 0x0000018334806150>, <src.product.Product object at 0x00000183347C30E0>]
2026-06-22 15:46:20,595 - utils - create_category_from_json - DEBUG - Делай два - red = {'name': 'Смартфоны', 'description': 'Смартфоны, как средство не только коммуникации, но и получение дополнительных функций для удобства жизни', 'products': [<src.product.Product object at 0x0000018334806150>, <src.product.Product object at 0x00000183347C30E0>]}
2026-06-22 15:46:20,595 - utils - create_category_from_json - DEBUG - Делай ноль - green = {'name': 'Xiaomi Redmi Note 11', 'description': '1024GB, Синий', 'price': 31000.0, 'quantity': 14}
2026-06-22 15:46:20,595 - utils - create_category_from_json - DEBUG - Делай один - products = [<src.product.Product object at 0x0000018334806150>, <src.product.Product object at 0x00000183347C30E0>, <src.product.Product object at 0x00000183347C2CF0>]
2026-06-22 15:46:20,595 - utils - create_category_from_json - DEBUG - Делай два - red = {'name': 'Смартфоны', 'description': 'Смартфоны, как средство не только коммуникации, но и получение дополнительных функций для удобства жизни', 'products': [<src.product.Product object at 0x0000018334806150>, <src.product.Product object at 0x00000183347C30E0>, <src.product.Product object at 0x00000183347C2CF0>]}
2026-06-22 15:46:20,595 - utils - create_category_from_json - DEBUG - Делай три - fin = [<src.category.Category object at 0x0000018334755C50>]
2026-06-22 15:46:20,595 - utils - create_category_from_json - DEBUG - Делай ноль - green = {'name': '55" QLED 4K', 'description': 'Фоновая подсветка', 'price': 123000.0, 'quantity': 7}
2026-06-22 15:46:20,595 - utils - create_category_from_json - DEBUG - Делай один - products = [<src.product.Product object at 0x00000183347C2F90>]
2026-06-22 15:46:20,595 - utils - create_category_from_json - DEBUG - Делай два - red = {'name': 'Телевизоры', 'description': 'Современный телевизор, который позволяет наслаждаться просмотром, станет вашим другом и помощником', 'products': [<src.product.Product object at 0x00000183347C2F90>]}
2026-06-22 15:46:20,595 - utils - create_category_from_json - DEBUG - Делай три - fin = [<src.category.Category object at 0x0000018334755C50>, <src.category.Category object at 0x000001833483C050>]
2026-06-22 15:46:20,595 - utils - create_category_from_json - DEBUG - Делай четыре - fin = [<src.category.Category object at 0x0000018334755C50>, <src.category.Category object at 0x000001833483C050>]
2026-06-22 17:09:50,545 - utils - create_category_from_json - DEBUG - Делай ноль - green = {'name': 'Samsung Galaxy C23 Ultra', 'description': '256GB, Серый цвет, 200MP камера', 'price': 180000.0, 'quantity': 5}
2026-06-22 17:09:50,545 - utils - create_category_from_json - DEBUG - Делай один - products = [<src.product.Product object at 0x0000014AA297B650>]
2026-06-22 17:09:50,545 - utils - create_category_from_json - DEBUG - Делай два - red = {'name': 'Смартфоны', 'description': 'Смартфоны, как средство не только коммуникации, но и получение дополнительных функций для удобства жизни', 'products': [<src.product.Product object at 0x0000014AA297B650>]}
2026-06-22 17:09:50,545 - utils - create_category_from_json - DEBUG - Делай ноль - green = {'name': 'Iphone 15', 'description': '512GB, Gray space', 'price': 210000.0, 'quantity': 8}
2026-06-22 17:09:50,545 - utils - create_category_from_json - DEBUG - Делай один - products = [<src.product.Product object at 0x0000014AA297B650>, <src.product.Product object at 0x0000014AA2912970>]
2026-06-22 17:09:50,545 - utils - create_category_from_json - DEBUG - Делай два - red = {'name': 'Смартфоны', 'description': 'Смартфоны, как средство не только коммуникации, но и получение дополнительных функций для удобства жизни', 'products': [<src.product.Product object at 0x0000014AA297B650>, <src.product.Product object at 0x0000014AA2912970>]}
2026-06-22 17:09:50,546 - utils - create_category_from_json - DEBUG - Делай ноль - green = {'name': 'Xiaomi Redmi Note 11', 'description': '1024GB, Синий', 'price': 31000.0, 'quantity': 14}
2026-06-22 17:09:50,546 - utils - create_category_from_json - DEBUG - Делай один - products = [<src.product.Product object at 0x0000014AA297B650>, <src.product.Product object at 0x0000014AA2912970>, <src.product.Product object at 0x0000014AA296AC10>]
2026-06-22 17:09:50,546 - utils - create_category_from_json - DEBUG - Делай два - red = {'name': 'Смартфоны', 'description': 'Смартфоны, как средство не только коммуникации, но и получение дополнительных функций для удобства жизни', 'products': [<src.product.Product object at 0x0000014AA297B650>, <src.product.Product object at 0x0000014AA2912970>, <src.product.Product object at 0x0000014AA296AC10>]}
2026-06-22 17:09:50,546 - utils - create_category_from_json - DEBUG - Делай три - fin = [<src.category.Category object at 0x0000014AA2931850>]
2026-06-22 17:09:50,546 - utils - create_category_from_json - DEBUG - Делай ноль - green = {'name': '55" QLED 4K', 'description': 'Фоновая подсветка', 'price': 123000.0, 'quantity': 7}
2026-06-22 17:09:50,546 - utils - create_category_from_json - DEBUG - Делай один - products = [<src.product.Product object at 0x0000014AA296AD60>]
2026-06-22 17:09:50,546 - utils - create_category_from_json - DEBUG - Делай два - red = {'name': 'Телевизоры', 'description': 'Современный телевизор, который позволяет наслаждаться просмотром, станет вашим другом и помощником', 'products': [<src.product.Product object at 0x0000014AA296AD60>]}
2026-06-22 17:09:50,546 - utils - create_category_from_json - DEBUG - Делай три - fin = [<src.category.Category object at 0x0000014AA2931850>, <src.category.Category object at 0x0000014AA2951C70>]
2026-06-22 17:09:50,546 - utils - create_category_from_json - DEBUG - Делай четыре - fin = [<src.category.Category object at 0x0000014AA2931850>, <src.category.Category object at 0x0000014AA2951C70>]
2026-06-22 17:10:40,853 - utils - create_category_from_json - DEBUG - Делай ноль - green = {'name': 'Samsung Galaxy C23 Ultra', 'description': '256GB, Серый цвет, 200MP камера', 'price': 180000.0, 'quantity': 5}
2026-06-22 17:10:40,853 - utils - create_category_from_json - DEBUG - Делай один - products = [<src.product.Product object at 0x00000226ED54B450>]
2026-06-22 17:10:40,853 - utils - create_category_from_json - DEBUG - Делай два - red = {'name': 'Смартфоны', 'description': 'Смартфоны, как средство не только коммуникации, но и получение дополнительных функций для удобства жизни', 'products': [<src.product.Product object at 0x00000226ED54B450>]}
2026-06-22 17:10:40,853 - utils - create_category_from_json - DEBUG - Делай ноль - green = {'name': 'Iphone 15', 'description': '512GB, Gray space', 'price': 210000.0, 'quantity': 8}
2026-06-22 17:10:40,853 - utils - create_category_from_json - DEBUG - Делай один - products = [<src.product.Product object at 0x00000226ED54B450>, <src.product.Product object at 0x00000226ED4E2970>]
2026-06-22 17:10:40,853 - utils - create_category_from_json - DEBUG - Делай два - red = {'name': 'Смартфоны', 'description': 'Смартфоны, как средство не только коммуникации, но и получение дополнительных функций для удобства жизни', 'products': [<src.product.Product object at 0x00000226ED54B450>, <src.product.Product object at 0x00000226ED4E2970>]}
2026-06-22 17:10:40,853 - utils - create_category_from_json - DEBUG - Делай ноль - green = {'name': 'Xiaomi Redmi Note 11', 'description': '1024GB, Синий', 'price': 31000.0, 'quantity': 14}
2026-06-22 17:10:40,853 - utils - create_category_from_json - DEBUG - Делай один - products = [<src.product.Product object at 0x00000226ED54B450>, <src.product.Product object at 0x00000226ED4E2970>, <src.product.Product object at 0x00000226ED53B070>]
2026-06-22 17:10:40,853 - utils - create_category_from_json - DEBUG - Делай два - red = {'name': 'Смартфоны', 'description': 'Смартфоны, как средство не только коммуникации, но и получение дополнительных функций для удобства жизни', 'products': [<src.product.Product object at 0x00000226ED54B450>, <src.product.Product object at 0x00000226ED4E2970>, <src.product.Product object at 0x00000226ED53B070>]}
2026-06-22 17:10:40,853 - utils - create_category_from_json - DEBUG - Делай три - fin = [<src.category.Category object at 0x00000226ED4A29C0>]
2026-06-22 17:10:40,853 - utils - create_category_from_json - DEBUG - Делай ноль - green = {'name': '55" QLED 4K', 'description': 'Фоновая подсветка', 'price': 123000.0, 'quantity': 7}
2026-06-22 17:10:40,853 - utils - create_category_from_json - DEBUG - Делай один - products = [<src.product.Product object at 0x00000226ED53B0E0>]
2026-06-22 17:10:40,853 - utils - create_category_from_json - DEBUG - Делай два - red = {'name': 'Телевизоры', 'description': 'Современный телевизор, который позволяет наслаждаться просмотром, станет вашим другом и помощником', 'products': [<src.product.Product object at 0x00000226ED53B0E0>]}
2026-06-22 17:10:40,853 - utils - create_category_from_json - DEBUG - Делай три - fin = [<src.category.Category object at 0x00000226ED4A29C0>, <src.category.Category object at 0x00000226ED4A2E00>]
2026-06-22 17:10:40,853 - utils - create_category_from_json - DEBUG - Делай четыре - fin = [<src.category.Category object at 0x00000226ED4A29C0>, <src.category.Category object at 0x00000226ED4A2E00>]
2026-06-22 17:11:23,503 - utils - create_category_from_json - DEBUG - Делай ноль - green = {'name': 'Samsung Galaxy C23 Ultra', 'description': '256GB, Серый цвет, 200MP камера', 'price': 180000.0, 'quantity': 5}
2026-06-22 17:11:23,503 - utils - create_category_from_json - DEBUG - Делай один - products = [<src.product.Product object at 0x0000020C729BD2D0>]
2026-06-22 17:11:23,503 - utils - create_category_from_json - DEBUG - Делай два - red = {'name': 'Смартфоны', 'description': 'Смартфоны, как средство не только коммуникации, но и получение дополнительных функций для удобства жизни', 'products': [<src.product.Product object at 0x0000020C729BD2D0>]}
2026-06-22 17:11:23,503 - utils - create_category_from_json - DEBUG - Делай ноль - green = {'name': 'Iphone 15', 'description': '512GB, Gray space', 'price': 210000.0, 'quantity': 8}
2026-06-22 17:11:23,503 - utils - create_category_from_json - DEBUG - Делай один - products = [<src.product.Product object at 0x0000020C729BD2D0>, <src.product.Product object at 0x0000020C72973E70>]
2026-06-22 17:11:23,503 - utils - create_category_from_json - DEBUG - Делай два - red = {'name': 'Смартфоны', 'description': 'Смартфоны, как средство не только коммуникации, но и получение дополнительных функций для удобства жизни', 'products': [<src.product.Product object at 0x0000020C729BD2D0>, <src.product.Product object at 0x0000020C72973E70>]}
2026-06-22 17:11:23,503 - utils - create_category_from_json - DEBUG - Делай ноль - green = {'name': 'Xiaomi Redmi Note 11', 'description': '1024GB, Синий', 'price': 31000.0, 'quantity': 14}
2026-06-22 17:11:23,503 - utils - create_category_from_json - DEBUG - Делай один - products = [<src.product.Product object at 0x0000020C729BD2D0>, <src.product.Product object at 0x0000020C72973E70>, <src.product.Product object at 0x0000020C72973310>]
2026-06-22 17:11:23,503 - utils - create_category_from_json - DEBUG - Делай два - red = {'name': 'Смартфоны', 'description': 'Смартфоны, как средство не только коммуникации, но и получение дополнительных функций для удобства жизни', 'products': [<src.product.Product object at 0x0000020C729BD2D0>, <src.product.Product object at 0x0000020C72973E70>, <src.product.Product object at 0x0000020C72973310>]}
2026-06-22 17:11:23,503 - utils - create_category_from_json - DEBUG - Делай три - fin = [<src.category.Category object at 0x0000020C7298CE50>]
2026-06-22 17:11:23,503 - utils - create_category_from_json - DEBUG - Делай ноль - green = {'name': '55" QLED 4K', 'description': 'Фоновая подсветка', 'price': 123000.0, 'quantity': 7}
2026-06-22 17:11:23,503 - utils - create_category_from_json - DEBUG - Делай один - products = [<src.product.Product object at 0x0000020C72973D90>]
2026-06-22 17:11:23,503 - utils - create_category_from_json - DEBUG - Делай два - red = {'name': 'Телевизоры', 'description': 'Современный телевизор, который позволяет наслаждаться просмотром, станет вашим другом и помощником', 'products': [<src.product.Product object at 0x0000020C72973D90>]}
2026-06-22 17:11:23,503 - utils - create_category_from_json - DEBUG - Делай три - fin = [<src.category.Category object at 0x0000020C7298CE50>, <src.category.Category object at 0x0000020C729B0500>]
2026-06-22 17:11:23,503 - utils - create_category_from_json - DEBUG - Делай четыре - fin = [<src.category.Category object at 0x0000020C7298CE50>, <src.category.Category object at 0x0000020C729B0500>]
2026-06-22 17:16:54,589 - utils - create_category_from_json - DEBUG - Делай ноль - green = {'name': 'Samsung Galaxy C23 Ultra', 'description': '256GB, Серый цвет, 200MP камера', 'price': 180000.0, 'quantity': 5}
2026-06-22 17:16:54,590 - utils - create_category_from_json - DEBUG - Делай один - products = [<src.product.Product object at 0x0000021CF0F7B6D0>]
2026-06-22 17:16:54,590 - utils - create_category_from_json - DEBUG - Делай два - red = {'name': 'Смартфоны', 'description': 'Смартфоны, как средство не только коммуникации, но и получение дополнительных функций для удобства жизни', 'products': [<src.product.Product object at 0x0000021CF0F7B6D0>]}
2026-06-22 17:16:54,590 - utils - create_category_from_json - DEBUG - Делай ноль - green = {'name': 'Iphone 15', 'description': '512GB, Gray space', 'price': 210000.0, 'quantity': 8}
2026-06-22 17:16:54,590 - utils - create_category_from_json - DEBUG - Делай один - products = [<src.product.Product object at 0x0000021CF0F7B6D0>, <src.product.Product object at 0x0000021CF0F12900>]
2026-06-22 17:16:54,590 - utils - create_category_from_json - DEBUG - Делай два - red = {'name': 'Смартфоны', 'description': 'Смартфоны, как средство не только коммуникации, но и получение дополнительных функций для удобства жизни', 'products': [<src.product.Product object at 0x0000021CF0F7B6D0>, <src.product.Product object at 0x0000021CF0F12900>]}
2026-06-22 17:16:54,590 - utils - create_category_from_json - DEBUG - Делай ноль - green = {'name': 'Xiaomi Redmi Note 11', 'description': '1024GB, Синий', 'price': 31000.0, 'quantity': 14}
2026-06-22 17:16:54,590 - utils - create_category_from_json - DEBUG - Делай один - products = [<src.product.Product object at 0x0000021CF0F7B6D0>, <src.product.Product object at 0x0000021CF0F12900>, <src.product.Product object at 0x0000021CF0F6A9E0>]
2026-06-22 17:16:54,590 - utils - create_category_from_json - DEBUG - Делай два - red = {'name': 'Смартфоны', 'description': 'Смартфоны, как средство не только коммуникации, но и получение дополнительных функций для удобства жизни', 'products': [<src.product.Product object at 0x0000021CF0F7B6D0>, <src.product.Product object at 0x0000021CF0F12900>, <src.product.Product object at 0x0000021CF0F6A9E0>]}
2026-06-22 17:16:54,590 - utils - create_category_from_json - DEBUG - Делай три - fin = [<src.category.Category object at 0x0000021CF0F2D850>]
2026-06-22 17:16:54,590 - utils - create_category_from_json - DEBUG - Делай ноль - green = {'name': '55" QLED 4K', 'description': 'Фоновая подсветка', 'price': 123000.0, 'quantity': 7}
2026-06-22 17:16:54,590 - utils - create_category_from_json - DEBUG - Делай один - products = [<src.product.Product object at 0x0000021CF0F6AD60>]
2026-06-22 17:16:54,590 - utils - create_category_from_json - DEBUG - Делай два - red = {'name': 'Телевизоры', 'description': 'Современный телевизор, который позволяет наслаждаться просмотром, станет вашим другом и помощником', 'products': [<src.product.Product object at 0x0000021CF0F6AD60>]}
2026-06-22 17:16:54,590 - utils - create_category_from_json - DEBUG - Делай три - fin = [<src.category.Category object at 0x0000021CF0F2D850>, <src.category.Category object at 0x0000021CF0F51B80>]
2026-06-22 17:16:54,590 - utils - create_category_from_json - DEBUG - Делай четыре - fin = [<src.category.Category object at 0x0000021CF0F2D850>, <src.category.Category object at 0x0000021CF0F51B80>]
2026-06-22 17:18:42,955 - utils - create_category_from_json - DEBUG - Делай ноль - green = {'name': 'Samsung Galaxy C23 Ultra', 'description': '256GB, Серый цвет, 200MP камера', 'price': 180000.0, 'quantity': 5}
2026-06-22 17:18:42,955 - utils - create_category_from_json - DEBUG - Делай один - products = [<src.product.Product object at 0x000002C916D8B6D0>]
2026-06-22 17:18:42,955 - utils - create_category_from_json - DEBUG - Делай два - red = {'name': 'Смартфоны', 'description': 'Смартфоны, как средство не только коммуникации, но и получение дополнительных функций для удобства жизни', 'products': [<src.product.Product object at 0x000002C916D8B6D0>]}
2026-06-22 17:18:42,955 - utils - create_category_from_json - DEBUG - Делай ноль - green = {'name': 'Iphone 15', 'description': '512GB, Gray space', 'price': 210000.0, 'quantity': 8}
2026-06-22 17:18:42,955 - utils - create_category_from_json - DEBUG - Делай один - products = [<src.product.Product object at 0x000002C916D8B6D0>, <src.product.Product object at 0x000002C916D22900>]
2026-06-22 17:18:42,955 - utils - create_category_from_json - DEBUG - Делай два - red = {'name': 'Смартфоны', 'description': 'Смартфоны, как средство не только коммуникации, но и получение дополнительных функций для удобства жизни', 'products': [<src.product.Product object at 0x000002C916D8B6D0>, <src.product.Product object at 0x000002C916D22900>]}
2026-06-22 17:18:42,955 - utils - create_category_from_json - DEBUG - Делай ноль - green = {'name': 'Xiaomi Redmi Note 11', 'description': '1024GB, Синий', 'price': 31000.0, 'quantity': 14}
2026-06-22 17:18:42,955 - utils - create_category_from_json - DEBUG - Делай один - products = [<src.product.Product object at 0x000002C916D8B6D0>, <src.product.Product object at 0x000002C916D22900>, <src.product.Product object at 0x000002C916D7AC80>]
2026-06-22 17:18:42,955 - utils - create_category_from_json - DEBUG - Делай два - red = {'name': 'Смартфоны', 'description': 'Смартфоны, как средство не только коммуникации, но и получение дополнительных функций для удобства жизни', 'products': [<src.product.Product object at 0x000002C916D8B6D0>, <src.product.Product object at 0x000002C916D22900>, <src.product.Product object at 0x000002C916D7AC80>]}
2026-06-22 17:18:42,955 - utils - create_category_from_json - DEBUG - Делай три - fin = [<src.category.Category object at 0x000002C916D3D850>]
2026-06-22 17:18:42,955 - utils - create_category_from_json - DEBUG - Делай ноль - green = {'name': '55" QLED 4K', 'description': 'Фоновая подсветка', 'price': 123000.0, 'quantity': 7}
2026-06-22 17:18:42,955 - utils - create_category_from_json - DEBUG - Делай один - products = [<src.product.Product object at 0x000002C916D7AAC0>]
2026-06-22 17:18:42,955 - utils - create_category_from_json - DEBUG - Делай два - red = {'name': 'Телевизоры', 'description': 'Современный телевизор, который позволяет наслаждаться просмотром, станет вашим другом и помощником', 'products': [<src.product.Product object at 0x000002C916D7AAC0>]}
2026-06-22 17:18:42,955 - utils - create_category_from_json - DEBUG - Делай три - fin = [<src.category.Category object at 0x000002C916D3D850>, <src.category.Category object at 0x000002C916D61B80>]
2026-06-22 17:18:42,955 - utils - create_category_from_json - DEBUG - Делай четыре - fin = [<src.category.Category object at 0x000002C916D3D850>, <src.category.Category object at 0x000002C916D61B80>]
2026-06-22 17:21:23,140 - utils - create_category_from_json - DEBUG - Делай ноль - green = {'name': 'Samsung Galaxy C23 Ultra', 'description': '256GB, Серый цвет, 200MP камера', 'price': 180000.0, 'quantity': 5}
2026-06-22 17:21:23,140 - utils - create_category_from_json - DEBUG - Делай один - products = [<src.product.Product object at 0x000001FA3570CD50>]
2026-06-22 17:21:23,140 - utils - create_category_from_json - DEBUG - Делай два - red = {'name': 'Смартфоны', 'description': 'Смартфоны, как средство не только коммуникации, но и получение дополнительных функций для удобства жизни', 'products': [<src.product.Product object at 0x000001FA3570CD50>]}
2026-06-22 17:21:23,140 - utils - create_category_from_json - DEBUG - Делай ноль - green = {'name': 'Iphone 15', 'description': '512GB, Gray space', 'price': 210000.0, 'quantity': 8}
2026-06-22 17:21:23,140 - utils - create_category_from_json - DEBUG - Делай один - products = [<src.product.Product object at 0x000001FA3570CD50>, <src.product.Product object at 0x000001FA356929E0>]
2026-06-22 17:21:23,140 - utils - create_category_from_json - DEBUG - Делай два - red = {'name': 'Смартфоны', 'description': 'Смартфоны, как средство не только коммуникации, но и получение дополнительных функций для удобства жизни', 'products': [<src.product.Product object at 0x000001FA3570CD50>, <src.product.Product object at 0x000001FA356929E0>]}
2026-06-22 17:21:23,140 - utils - create_category_from_json - DEBUG - Делай ноль - green = {'name': 'Xiaomi Redmi Note 11', 'description': '1024GB, Синий', 'price': 31000.0, 'quantity': 14}
2026-06-22 17:21:23,140 - utils - create_category_from_json - DEBUG - Делай один - products = [<src.product.Product object at 0x000001FA3570CD50>, <src.product.Product object at 0x000001FA356929E0>, <src.product.Product object at 0x000001FA356DED60>]
2026-06-22 17:21:23,140 - utils - create_category_from_json - DEBUG - Делай два - red = {'name': 'Смартфоны', 'description': 'Смартфоны, как средство не только коммуникации, но и получение дополнительных функций для удобства жизни', 'products': [<src.product.Product object at 0x000001FA3570CD50>, <src.product.Product object at 0x000001FA356929E0>, <src.product.Product object at 0x000001FA356DED60>]}
2026-06-22 17:21:23,140 - utils - create_category_from_json - DEBUG - Делай три - fin = [<src.category.Category object at 0x000001FA356AD850>]
2026-06-22 17:21:23,140 - utils - create_category_from_json - DEBUG - Делай ноль - green = {'name': '55" QLED 4K', 'description': 'Фоновая подсветка', 'price': 123000.0, 'quantity': 7}
2026-06-22 17:21:23,140 - utils - create_category_from_json - DEBUG - Делай один - products = [<src.product.Product object at 0x000001FA356DEBA0>]
2026-06-22 17:21:23,140 - utils - create_category_from_json - DEBUG - Делай два - red = {'name': 'Телевизоры', 'description': 'Современный телевизор, который позволяет наслаждаться просмотром, станет вашим другом и помощником', 'products': [<src.product.Product object at 0x000001FA356DEBA0>]}
2026-06-22 17:21:23,140 - utils - create_category_from_json - DEBUG - Делай три - fin = [<src.category.Category object at 0x000001FA356AD850>, <src.category.Category object at 0x000001FA356FDB80>]
2026-06-22 17:21:23,140 - utils - create_category_from_json - DEBUG - Делай четыре - fin = [<src.category.Category object at 0x000001FA356AD850>, <src.category.Category object at 0x000001FA356FDB80>]
2026-06-22 17:24:37,498 - utils - create_category_from_json - DEBUG - Делай ноль - green = {'name': 'Samsung Galaxy C23 Ultra', 'description': '256GB, Серый цвет, 200MP камера', 'price': 180000.0, 'quantity': 5}
2026-06-22 17:24:37,498 - utils - create_category_from_json - DEBUG - Делай один - products = [<src.product.Product object at 0x00000178FFEB8DD0>]
2026-06-22 17:24:37,498 - utils - create_category_from_json - DEBUG - Делай два - red = {'name': 'Смартфоны', 'description': 'Смартфоны, как средство не только коммуникации, но и получение дополнительных функций для удобства жизни', 'products': [<src.product.Product object at 0x00000178FFEB8DD0>]}
2026-06-22 17:24:37,498 - utils - create_category_from_json - DEBUG - Делай ноль - green = {'name': 'Iphone 15', 'description': '512GB, Gray space', 'price': 210000.0, 'quantity': 8}
2026-06-22 17:24:37,498 - utils - create_category_from_json - DEBUG - Делай один - products = [<src.product.Product object at 0x00000178FFEB8DD0>, <src.product.Product object at 0x00000178FFE429E0>]
2026-06-22 17:24:37,498 - utils - create_category_from_json - DEBUG - Делай два - red = {'name': 'Смартфоны', 'description': 'Смартфоны, как средство не только коммуникации, но и получение дополнительных функций для удобства жизни', 'products': [<src.product.Product object at 0x00000178FFEB8DD0>, <src.product.Product object at 0x00000178FFE429E0>]}
2026-06-22 17:24:37,498 - utils - create_category_from_json - DEBUG - Делай ноль - green = {'name': 'Xiaomi Redmi Note 11', 'description': '1024GB, Синий', 'price': 31000.0, 'quantity': 14}
2026-06-22 17:24:37,498 - utils - create_category_from_json - DEBUG - Делай один - products = [<src.product.Product object at 0x00000178FFEB8DD0>, <src.product.Product object at 0x00000178FFE429E0>, <src.product.Product object at 0x00000178FFE8ED60>]
2026-06-22 17:24:37,498 - utils - create_category_from_json - DEBUG - Делай два - red = {'name': 'Смартфоны', 'description': 'Смартфоны, как средство не только коммуникации, но и получение дополнительных функций для удобства жизни', 'products': [<src.product.Product object at 0x00000178FFEB8DD0>, <src.product.Product object at 0x00000178FFE429E0>, <src.product.Product object at 0x00000178FFE8ED60>]}
2026-06-22 17:24:37,498 - utils - create_category_from_json - DEBUG - Делай три - fin = [<src.category.Category object at 0x00000178FFE5D850>]
2026-06-22 17:24:37,498 - utils - create_category_from_json - DEBUG - Делай ноль - green = {'name': '55" QLED 4K', 'description': 'Фоновая подсветка', 'price': 123000.0, 'quantity': 7}
2026-06-22 17:24:37,498 - utils - create_category_from_json - DEBUG - Делай один - products = [<src.product.Product object at 0x00000178FFE8EBA0>]
2026-06-22 17:24:37,498 - utils - create_category_from_json - DEBUG - Делай два - red = {'name': 'Телевизоры', 'description': 'Современный телевизор, который позволяет наслаждаться просмотром, станет вашим другом и помощником', 'products': [<src.product.Product object at 0x00000178FFE8EBA0>]}
2026-06-22 17:24:37,498 - utils - create_category_from_json - DEBUG - Делай три - fin = [<src.category.Category object at 0x00000178FFE5D850>, <src.category.Category object at 0x00000178FFEADB80>]
2026-06-22 17:24:37,498 - utils - create_category_from_json - DEBUG - Делай четыре - fin = [<src.category.Category object at 0x00000178FFE5D850>, <src.category.Category object at 0x00000178FFEADB80>]
2026-06-22 17:29:31,334 - utils - create_category_from_json - DEBUG - Делай ноль - green = {'name': 'Samsung Galaxy C23 Ultra', 'description': '256GB, Серый цвет, 200MP камера', 'price': 180000.0, 'quantity': 5}
2026-06-22 17:29:31,334 - utils - create_category_from_json - DEBUG - Делай один - products = [<src.product.Product object at 0x000001C05F2ECDD0>]
2026-06-22 17:29:31,334 - utils - create_category_from_json - DEBUG - Делай два - red = {'name': 'Смартфоны', 'description': 'Смартфоны, как средство не только коммуникации, но и получение дополнительных функций для удобства жизни', 'products': [<src.product.Product object at 0x000001C05F2ECDD0>]}
2026-06-22 17:29:31,334 - utils - create_category_from_json - DEBUG - Делай ноль - green = {'name': 'Iphone 15', 'description': '512GB, Gray space', 'price': 210000.0, 'quantity': 8}
2026-06-22 17:29:31,334 - utils - create_category_from_json - DEBUG - Делай один - products = [<src.product.Product object at 0x000001C05F2ECDD0>, <src.product.Product object at 0x000001C05F2729E0>]
2026-06-22 17:29:31,334 - utils - create_category_from_json - DEBUG - Делай два - red = {'name': 'Смартфоны', 'description': 'Смартфоны, как средство не только коммуникации, но и получение дополнительных функций для удобства жизни', 'products': [<src.product.Product object at 0x000001C05F2ECDD0>, <src.product.Product object at 0x000001C05F2729E0>]}
2026-06-22 17:29:31,334 - utils - create_category_from_json - DEBUG - Делай ноль - green = {'name': 'Xiaomi Redmi Note 11', 'description': '1024GB, Синий', 'price': 31000.0, 'quantity': 14}
2026-06-22 17:29:31,334 - utils - create_category_from_json - DEBUG - Делай один - products = [<src.product.Product object at 0x000001C05F2ECDD0>, <src.product.Product object at 0x000001C05F2729E0>, <src.product.Product object at 0x000001C05F2BED60>]
2026-06-22 17:29:31,334 - utils - create_category_from_json - DEBUG - Делай два - red = {'name': 'Смартфоны', 'description': 'Смартфоны, как средство не только коммуникации, но и получение дополнительных функций для удобства жизни', 'products': [<src.product.Product object at 0x000001C05F2ECDD0>, <src.product.Product object at 0x000001C05F2729E0>, <src.product.Product object at 0x000001C05F2BED60>]}
2026-06-22 17:29:31,334 - utils - create_category_from_json - DEBUG - Делай три - fin = [<src.category.Category object at 0x000001C05F28D850>]
2026-06-22 17:29:31,334 - utils - create_category_from_json - DEBUG - Делай ноль - green = {'name': '55" QLED 4K', 'description': 'Фоновая подсветка', 'price': 123000.0, 'quantity': 7}
2026-06-22 17:29:31,334 - utils - create_category_from_json - DEBUG - Делай один - products = [<src.product.Product object at 0x000001C05F2BEBA0>]
2026-06-22 17:29:31,334 - utils - create_category_from_json - DEBUG - Делай два - red = {'name': 'Телевизоры', 'description': 'Современный телевизор, который позволяет наслаждаться просмотром, станет вашим другом и помощником', 'products': [<src.product.Product object at 0x000001C05F2BEBA0>]}
2026-06-22 17:29:31,334 - utils - create_category_from_json - DEBUG - Делай три - fin = [<src.category.Category object at 0x000001C05F28D850>, <src.category.Category object at 0x000001C05F2DDB80>]
2026-06-22 17:29:31,334 - utils - create_category_from_json - DEBUG - Делай четыре - fin = [<src.category.Category object at 0x000001C05F28D850>, <src.category.Category object at 0x000001C05F2DDB80>]
2026-06-22 17:46:08,772 - utils - create_category_from_json - DEBUG - Делай ноль - green = {'name': 'Samsung Galaxy C23 Ultra', 'description': '256GB, Серый цвет, 200MP камера', 'price': 180000.0, 'quantity': 5}
2026-06-22 17:46:08,772 - utils - create_category_from_json - DEBUG - Делай один - products = [<src.product.Product object at 0x000001271E2322E0>]
2026-06-22 17:46:08,772 - utils - create_category_from_json - DEBUG - Делай два - red = {'name': 'Смартфоны', 'description': 'Смартфоны, как средство не только коммуникации, но и получение дополнительных функций для удобства жизни', 'products': [<src.product.Product object at 0x000001271E2322E0>]}
2026-06-22 17:46:08,772 - utils - create_category_from_json - DEBUG - Делай ноль - green = {'name': 'Iphone 15', 'description': '512GB, Gray space', 'price': 210000.0, 'quantity': 8}
2026-06-22 17:46:08,772 - utils - create_category_from_json - DEBUG - Делай один - products = [<src.product.Product object at 0x000001271E2322E0>, <src.product.Product object at 0x000001271E286DD0>]
2026-06-22 17:46:08,772 - utils - create_category_from_json - DEBUG - Делай два - red = {'name': 'Смартфоны', 'description': 'Смартфоны, как средство не только коммуникации, но и получение дополнительных функций для удобства жизни', 'products': [<src.product.Product object at 0x000001271E2322E0>, <src.product.Product object at 0x000001271E286DD0>]}
2026-06-22 17:46:08,772 - utils - create_category_from_json - DEBUG - Делай ноль - green = {'name': 'Xiaomi Redmi Note 11', 'description': '1024GB, Синий', 'price': 31000.0, 'quantity': 14}
2026-06-22 17:46:08,772 - utils - create_category_from_json - DEBUG - Делай один - products = [<src.product.Product object at 0x000001271E2322E0>, <src.product.Product object at 0x000001271E286DD0>, <src.product.Product object at 0x000001271E287380>]
2026-06-22 17:46:08,772 - utils - create_category_from_json - DEBUG - Делай два - red = {'name': 'Смартфоны', 'description': 'Смартфоны, как средство не только коммуникации, но и получение дополнительных функций для удобства жизни', 'products': [<src.product.Product object at 0x000001271E2322E0>, <src.product.Product object at 0x000001271E286DD0>, <src.product.Product object at 0x000001271E287380>]}
2026-06-22 17:46:08,772 - utils - create_category_from_json - DEBUG - Делай три - fin = [<src.category.Category object at 0x000001271E2C0230>]
2026-06-22 17:46:08,772 - utils - create_category_from_json - DEBUG - Делай ноль - green = {'name': '55" QLED 4K', 'description': 'Фоновая подсветка', 'price': 123000.0, 'quantity': 7}
2026-06-22 17:46:08,772 - utils - create_category_from_json - DEBUG - Делай один - products = [<src.product.Product object at 0x000001271E286F20>]
2026-06-22 17:46:08,772 - utils - create_category_from_json - DEBUG - Делай два - red = {'name': 'Телевизоры', 'description': 'Современный телевизор, который позволяет наслаждаться просмотром, станет вашим другом и помощником', 'products': [<src.product.Product object at 0x000001271E286F20>]}
2026-06-22 17:46:08,772 - utils - create_category_from_json - DEBUG - Делай три - fin = [<src.category.Category object at 0x000001271E2C0230>, <src.category.Category object at 0x000001271E2AD010>]
2026-06-22 17:46:08,772 - utils - create_category_from_json - DEBUG - Делай четыре - fin = [<src.category.Category object at 0x000001271E2C0230>, <src.category.Category object at 0x000001271E2AD010>]
2026-06-22 17:46:45,152 - utils - create_category_from_json - DEBUG - Делай ноль - green = {'name': 'Samsung Galaxy C23 Ultra', 'description': '256GB, Серый цвет, 200MP камера', 'price': 180000.0, 'quantity': 5}
2026-06-22 17:46:45,152 - utils - create_category_from_json - DEBUG - Делай один - products = [<src.product.Product object at 0x0000025EE10FCD50>]
2026-06-22 17:46:45,152 - utils - create_category_from_json - DEBUG - Делай два - red = {'name': 'Смартфоны', 'description': 'Смартфоны, как средство не только коммуникации, но и получение дополнительных функций для удобства жизни', 'products': [<src.product.Product object at 0x0000025EE10FCD50>]}
2026-06-22 17:46:45,152 - utils - create_category_from_json - DEBUG - Делай ноль - green = {'name': 'Iphone 15', 'description': '512GB, Gray space', 'price': 210000.0, 'quantity': 8}
2026-06-22 17:46:45,152 - utils - create_category_from_json - DEBUG - Делай один - products = [<src.product.Product object at 0x0000025EE10FCD50>, <src.product.Product object at 0x0000025EE10829E0>]
2026-06-22 17:46:45,152 - utils - create_category_from_json - DEBUG - Делай два - red = {'name': 'Смартфоны', 'description': 'Смартфоны, как средство не только коммуникации, но и получение дополнительных функций для удобства жизни', 'products': [<src.product.Product object at 0x0000025EE10FCD50>, <src.product.Product object at 0x0000025EE10829E0>]}
2026-06-22 17:46:45,152 - utils - create_category_from_json - DEBUG - Делай ноль - green = {'name': 'Xiaomi Redmi Note 11', 'description': '1024GB, Синий', 'price': 31000.0, 'quantity': 14}
2026-06-22 17:46:45,152 - utils - create_category_from_json - DEBUG - Делай один - products = [<src.product.Product object at 0x0000025EE10FCD50>, <src.product.Product object at 0x0000025EE10829E0>, <src.product.Product object at 0x0000025EE10CED60>]
2026-06-22 17:46:45,152 - utils - create_category_from_json - DEBUG - Делай два - red = {'name': 'Смартфоны', 'description': 'Смартфоны, как средство не только коммуникации, но и получение дополнительных функций для удобства жизни', 'products': [<src.product.Product object at 0x0000025EE10FCD50>, <src.product.Product object at 0x0000025EE10829E0>, <src.product.Product object at 0x0000025EE10CED60>]}
2026-06-22 17:46:45,152 - utils - create_category_from_json - DEBUG - Делай три - fin = [<src.category.Category object at 0x0000025EE109D950>]
2026-06-22 17:46:45,152 - utils - create_category_from_json - DEBUG - Делай ноль - green = {'name': '55" QLED 4K', 'description': 'Фоновая подсветка', 'price': 123000.0, 'quantity': 7}
2026-06-22 17:46:45,152 - utils - create_category_from_json - DEBUG - Делай один - products = [<src.product.Product object at 0x0000025EE10CEBA0>]
2026-06-22 17:46:45,152 - utils - create_category_from_json - DEBUG - Делай два - red = {'name': 'Телевизоры', 'description': 'Современный телевизор, который позволяет наслаждаться просмотром, станет вашим другом и помощником', 'products': [<src.product.Product object at 0x0000025EE10CEBA0>]}
2026-06-22 17:46:45,152 - utils - create_category_from_json - DEBUG - Делай три - fin = [<src.category.Category object at 0x0000025EE109D950>, <src.category.Category object at 0x0000025EE10EDD60>]
2026-06-22 17:46:45,153 - utils - create_category_from_json - DEBUG - Делай четыре - fin = [<src.category.Category object at 0x0000025EE109D950>, <src.category.Category object at 0x0000025EE10EDD60>]
2026-06-22 18:01:09,464 - utils - create_category_from_json - DEBUG - Делай ноль - green = {'name': 'Samsung Galaxy C23 Ultra', 'description': '256GB, Серый цвет, 200MP камера', 'price': 180000.0, 'quantity': 5}
2026-06-22 18:01:09,464 - utils - create_category_from_json - DEBUG - Делай один - products = [<src.product.Product object at 0x0000025A8B0F8DD0>]
2026-06-22 18:01:09,464 - utils - create_category_from_json - DEBUG - Делай два - red = {'name': 'Смартфоны', 'description': 'Смартфоны, как средство не только коммуникации, но и получение дополнительных функций для удобства жизни', 'products': [<src.product.Product object at 0x0000025A8B0F8DD0>]}
2026-06-22 18:01:09,464 - utils - create_category_from_json - DEBUG - Делай ноль - green = {'name': 'Iphone 15', 'description': '512GB, Gray space', 'price': 210000.0, 'quantity': 8}
2026-06-22 18:01:09,464 - utils - create_category_from_json - DEBUG - Делай один - products = [<src.product.Product object at 0x0000025A8B0F8DD0>, <src.product.Product object at 0x0000025A8B0829E0>]
2026-06-22 18:01:09,464 - utils - create_category_from_json - DEBUG - Делай два - red = {'name': 'Смартфоны', 'description': 'Смартфоны, как средство не только коммуникации, но и получение дополнительных функций для удобства жизни', 'products': [<src.product.Product object at 0x0000025A8B0F8DD0>, <src.product.Product object at 0x0000025A8B0829E0>]}
2026-06-22 18:01:09,465 - utils - create_category_from_json - DEBUG - Делай ноль - green = {'name': 'Xiaomi Redmi Note 11', 'description': '1024GB, Синий', 'price': 31000.0, 'quantity': 14}
2026-06-22 18:01:09,465 - utils - create_category_from_json - DEBUG - Делай один - products = [<src.product.Product object at 0x0000025A8B0F8DD0>, <src.product.Product object at 0x0000025A8B0829E0>, <src.product.Product object at 0x0000025A8B0C2D60>]
2026-06-22 18:01:09,465 - utils - create_category_from_json - DEBUG - Делай два - red = {'name': 'Смартфоны', 'description': 'Смартфоны, как средство не только коммуникации, но и получение дополнительных функций для удобства жизни', 'products': [<src.product.Product object at 0x0000025A8B0F8DD0>, <src.product.Product object at 0x0000025A8B0829E0>, <src.product.Product object at 0x0000025A8B0C2D60>]}
2026-06-22 18:01:09,465 - utils - create_category_from_json - DEBUG - Делай три - fin = [<src.category.Category object at 0x0000025A8B09D850>]
2026-06-22 18:01:09,465 - utils - create_category_from_json - DEBUG - Делай ноль - green = {'name': '55" QLED 4K', 'description': 'Фоновая подсветка', 'price': 123000.0, 'quantity': 7}
2026-06-22 18:01:09,465 - utils - create_category_from_json - DEBUG - Делай один - products = [<src.product.Product object at 0x0000025A8B0C2BA0>]
2026-06-22 18:01:09,465 - utils - create_category_from_json - DEBUG - Делай два - red = {'name': 'Телевизоры', 'description': 'Современный телевизор, который позволяет наслаждаться просмотром, станет вашим другом и помощником', 'products': [<src.product.Product object at 0x0000025A8B0C2BA0>]}
2026-06-22 18:01:09,465 - utils - create_category_from_json - DEBUG - Делай три - fin = [<src.category.Category object at 0x0000025A8B09D850>, <src.category.Category object at 0x0000025A8B0EDB80>]
2026-06-22 18:01:09,465 - utils - create_category_from_json - DEBUG - Делай четыре - fin = [<src.category.Category object at 0x0000025A8B09D850>, <src.category.Category object at 0x0000025A8B0EDB80>]
2026-06-22 18:05:32,015 - utils - create_category_from_json - DEBUG - Делай ноль - green = {'name': 'Samsung Galaxy C23 Ultra', 'description': '256GB, Серый цвет, 200MP камера', 'price': 180000.0, 'quantity': 5}
2026-06-22 18:05:32,015 - utils - create_category_from_json - DEBUG - Делай один - products = [<src.product.Product object at 0x000002114B2D4DD0>]
2026-06-22 18:05:32,015 - utils - create_category_from_json - DEBUG - Делай два - red = {'name': 'Смартфоны', 'description': 'Смартфоны, как средство не только коммуникации, но и получение дополнительных функций для удобства жизни', 'products': [<src.product.Product object at 0x000002114B2D4DD0>]}
2026-06-22 18:05:32,015 - utils - create_category_from_json - DEBUG - Делай ноль - green = {'name': 'Iphone 15', 'description': '512GB, Gray space', 'price': 210000.0, 'quantity': 8}
2026-06-22 18:05:32,015 - utils - create_category_from_json - DEBUG - Делай один - products = [<src.product.Product object at 0x000002114B2D4DD0>, <src.product.Product object at 0x000002114B2629E0>]
2026-06-22 18:05:32,015 - utils - create_category_from_json - DEBUG - Делай два - red = {'name': 'Смартфоны', 'description': 'Смартфоны, как средство не только коммуникации, но и получение дополнительных функций для удобства жизни', 'products': [<src.product.Product object at 0x000002114B2D4DD0>, <src.product.Product object at 0x000002114B2629E0>]}
2026-06-22 18:05:32,015 - utils - create_category_from_json - DEBUG - Делай ноль - green = {'name': 'Xiaomi Redmi Note 11', 'description': '1024GB, Синий', 'price': 31000.0, 'quantity': 14}
2026-06-22 18:05:32,015 - utils - create_category_from_json - DEBUG - Делай один - products = [<src.product.Product object at 0x000002114B2D4DD0>, <src.product.Product object at 0x000002114B2629E0>, <src.product.Product object at 0x000002114B2B6D60>]
2026-06-22 18:05:32,016 - utils - create_category_from_json - DEBUG - Делай два - red = {'name': 'Смартфоны', 'description': 'Смартфоны, как средство не только коммуникации, но и получение дополнительных функций для удобства жизни', 'products': [<src.product.Product object at 0x000002114B2D4DD0>, <src.product.Product object at 0x000002114B2629E0>, <src.product.Product object at 0x000002114B2B6D60>]}
2026-06-22 18:05:32,016 - utils - create_category_from_json - DEBUG - Делай три - fin = [<src.category.Category object at 0x000002114B27D850>]
2026-06-22 18:05:32,016 - utils - create_category_from_json - DEBUG - Делай ноль - green = {'name': '55" QLED 4K', 'description': 'Фоновая подсветка', 'price': 123000.0, 'quantity': 7}
2026-06-22 18:05:32,016 - utils - create_category_from_json - DEBUG - Делай один - products = [<src.product.Product object at 0x000002114B2B6BA0>]
2026-06-22 18:05:32,016 - utils - create_category_from_json - DEBUG - Делай два - red = {'name': 'Телевизоры', 'description': 'Современный телевизор, который позволяет наслаждаться просмотром, станет вашим другом и помощником', 'products': [<src.product.Product object at 0x000002114B2B6BA0>]}
2026-06-22 18:05:32,016 - utils - create_category_from_json - DEBUG - Делай три - fin = [<src.category.Category object at 0x000002114B27D850>, <src.category.Category object at 0x000002114B2C1B80>]
2026-06-22 18:05:32,016 - utils - create_category_from_json - DEBUG - Делай четыре - fin = [<src.category.Category object at 0x000002114B27D850>, <src.category.Category object at 0x000002114B2C1B80>]
2026-06-22 18:09:20,796 - utils - create_category_from_json - DEBUG - Делай ноль - green = {'name': 'Samsung Galaxy C23 Ultra', 'description': '256GB, Серый цвет, 200MP камера', 'price': 180000.0, 'quantity': 5}
2026-06-22 18:09:20,796 - utils - create_category_from_json - DEBUG - Делай один - products = [<src.product.Product object at 0x00000279DBE23EE0>]
2026-06-22 18:09:20,796 - utils - create_category_from_json - DEBUG - Делай два - red = {'name': 'Смартфоны', 'description': 'Смартфоны, как средство не только коммуникации, но и получение дополнительных функций для удобства жизни', 'products': [<src.product.Product object at 0x00000279DBE23EE0>]}
2026-06-22 18:09:20,796 - utils - create_category_from_json - DEBUG - Делай ноль - green = {'name': 'Iphone 15', 'description': '512GB, Gray space', 'price': 210000.0, 'quantity': 8}
2026-06-22 18:09:20,796 - utils - create_category_from_json - DEBUG - Делай один - products = [<src.product.Product object at 0x00000279DBE23EE0>, <src.product.Product object at 0x00000279DBE23380>]
2026-06-22 18:09:20,796 - utils - create_category_from_json - DEBUG - Делай два - red = {'name': 'Смартфоны', 'description': 'Смартфоны, как средство не только коммуникации, но и получение дополнительных функций для удобства жизни', 'products': [<src.product.Product object at 0x00000279DBE23EE0>, <src.product.Product object at 0x00000279DBE23380>]}
2026-06-22 18:09:20,796 - utils - create_category_from_json - DEBUG - Делай ноль - green = {'name': 'Xiaomi Redmi Note 11', 'description': '1024GB, Синий', 'price': 31000.0, 'quantity': 14}
2026-06-22 18:09:20,797 - utils - create_category_from_json - DEBUG - Делай один - products = [<src.product.Product object at 0x00000279DBE23EE0>, <src.product.Product object at 0x00000279DBE23380>, <src.product.Product object at 0x00000279DBE23E00>]
2026-06-22 18:09:20,797 - utils - create_category_from_json - DEBUG - Делай два - red = {'name': 'Смартфоны', 'description': 'Смартфоны, как средство не только коммуникации, но и получение дополнительных функций для удобства жизни', 'products': [<src.product.Product object at 0x00000279DBE23EE0>, <src.product.Product object at 0x00000279DBE23380>, <src.product.Product object at 0x00000279DBE23E00>]}
2026-06-22 18:09:20,797 - utils - create_category_from_json - DEBUG - Делай три - fin = [<src.category.Category object at 0x00000279DBD87950>]
2026-06-22 18:09:20,797 - utils - create_category_from_json - DEBUG - Делай ноль - green = {'name': '55" QLED 4K', 'description': 'Фоновая подсветка', 'price': 123000.0, 'quantity': 7}
2026-06-22 18:09:20,797 - utils - create_category_from_json - DEBUG - Делай один - products = [<src.product.Product object at 0x00000279DBE220B0>]
2026-06-22 18:09:20,797 - utils - create_category_from_json - DEBUG - Делай два - red = {'name': 'Телевизоры', 'description': 'Современный телевизор, который позволяет наслаждаться просмотром, станет вашим другом и помощником', 'products': [<src.product.Product object at 0x00000279DBE220B0>]}
2026-06-22 18:09:20,797 - utils - create_category_from_json - DEBUG - Делай три - fin = [<src.category.Category object at 0x00000279DBD87950>, <src.category.Category object at 0x00000279DBE60500>]
2026-06-22 18:09:20,797 - utils - create_category_from_json - DEBUG - Делай четыре - fin = [<src.category.Category object at 0x00000279DBD87950>, <src.category.Category object at 0x00000279DBE60500>]
2026-06-22 18:13:30,709 - utils - create_category_from_json - DEBUG - Делай ноль - green = {'name': 'Samsung Galaxy C23 Ultra', 'description': '256GB, Серый цвет, 200MP камера', 'price': 180000.0, 'quantity': 5}
2026-06-22 18:13:30,709 - utils - create_category_from_json - DEBUG - Делай один - products = [<src.product.Product object at 0x00000289113BA120>]
2026-06-22 18:13:30,709 - utils - create_category_from_json - DEBUG - Делай два - red = {'name': 'Смартфоны', 'description': 'Смартфоны, как средство не только коммуникации, но и получение дополнительных функций для удобства жизни', 'products': [<src.product.Product object at 0x00000289113BA120>]}
2026-06-22 18:13:30,709 - utils - create_category_from_json - DEBUG - Делай ноль - green = {'name': 'Iphone 15', 'description': '512GB, Gray space', 'price': 210000.0, 'quantity': 8}
2026-06-22 18:13:30,709 - utils - create_category_from_json - DEBUG - Делай один - products = [<src.product.Product object at 0x00000289113BA120>, <src.product.Product object at 0x00000289113B9D30>]
2026-06-22 18:13:30,709 - utils - create_category_from_json - DEBUG - Делай два - red = {'name': 'Смартфоны', 'description': 'Смартфоны, как средство не только коммуникации, но и получение дополнительных функций для удобства жизни', 'products': [<src.product.Product object at 0x00000289113BA120>, <src.product.Product object at 0x00000289113B9D30>]}
2026-06-22 18:13:30,709 - utils - create_category_from_json - DEBUG - Делай ноль - green = {'name': 'Xiaomi Redmi Note 11', 'description': '1024GB, Синий', 'price': 31000.0, 'quantity': 14}
2026-06-22 18:13:30,709 - utils - create_category_from_json - DEBUG - Делай один - products = [<src.product.Product object at 0x00000289113BA120>, <src.product.Product object at 0x00000289113B9D30>, <src.product.Product object at 0x00000289113B9FD0>]
2026-06-22 18:13:30,709 - utils - create_category_from_json - DEBUG - Делай два - red = {'name': 'Смартфоны', 'description': 'Смартфоны, как средство не только коммуникации, но и получение дополнительных функций для удобства жизни', 'products': [<src.product.Product object at 0x00000289113BA120>, <src.product.Product object at 0x00000289113B9D30>, <src.product.Product object at 0x00000289113B9FD0>]}
2026-06-22 18:13:30,709 - utils - create_category_from_json - DEBUG - Делай три - fin = [<src.category.Category object at 0x0000028911349A50>]
2026-06-22 18:13:30,709 - utils - create_category_from_json - DEBUG - Делай ноль - green = {'name': '55" QLED 4K', 'description': 'Фоновая подсветка', 'price': 123000.0, 'quantity': 7}
2026-06-22 18:13:30,709 - utils - create_category_from_json - DEBUG - Делай один - products = [<src.product.Product object at 0x00000289113BA0B0>]
2026-06-22 18:13:30,709 - utils - create_category_from_json - DEBUG - Делай два - red = {'name': 'Телевизоры', 'description': 'Современный телевизор, который позволяет наслаждаться просмотром, станет вашим другом и помощником', 'products': [<src.product.Product object at 0x00000289113BA0B0>]}
2026-06-22 18:13:30,709 - utils - create_category_from_json - DEBUG - Делай три - fin = [<src.category.Category object at 0x0000028911349A50>, <src.category.Category object at 0x00000289112B36B0>]
2026-06-22 18:13:30,709 - utils - create_category_from_json - DEBUG - Делай четыре - fin = [<src.category.Category object at 0x0000028911349A50>, <src.category.Category object at 0x00000289112B36B0>]
